user,PYY-901
E10000351,PYY-902
E10000352,PYY-903
E10000353,PYY-904
E10000354,PYY-905
E10000355,PYY-906
E10000356,PYY-907
E10000357,PYY-908
E10000358,PYY-909
E10000359,PYY-910
E10000360,PYY-911
E10000361,PYY-912
E10000362,PYY-913
E10000363,PYY-914
E10000364,PYY-915
E10000365,PYY-916
E10000366,PYY-917
E10000367,PYY-918
E10000368,PYY-919
E10000369,PYY-920
E10000370,PYY-921
E10000371,PYY-922
E10000372,PYY-923
E10000373,PYY-924
E10000374,PYY-925
E10000375,PYY-926
E10000376,PYY-927
E10000377,PYY-928
E10000378,PYY-929
E10000379,PYY-930
E10000380,PYY-931
E10000381,PYY-932
E10000382,PYY-933
E10000383,PYY-934
E10000384,PYY-935
E10000385,PYY-936
E10000386,PYY-937
E10000387,PYY-938
E10000388,PYY-939
E10000389,PYY-940
E10000390,PYY-941
E10000391,PYY-942
E10000392,PYY-943
E10000393,PYY-944
E10000394,PYY-945
E10000395,PYY-946
E10000396,PYY-947
E10000397,PYY-948
E10000398,PYY-949
E10000399,PYY-950
E10000400,PYY-951
S1000251,PYY-952
S1000252,PYY-953
S1000253,PYY-954
S1000254,PYY-955
S1000255,PYY-956
S1000256,PYY-957
S1000257,PYY-958
S1000258,PYY-959
S1000259,PYY-960
S1000260,PYY-961
S1000261,PYY-962
S1000262,PYY-963
S1000263,PYY-964
S1000264,PYY-965
S1000265,PYY-966
S1000266,PYY-967
S1000267,PYY-968
S1000268,PYY-969
S1000269,PYY-970
S1000270,PYY-971
S1000271,PYY-972
S1000272,PYY-973
S1000273,PYY-974
S1000274,PYY-975
S1000275,PYY-976
S1000276,PYY-977
S1000277,PYY-978
S1000278,PYY-979
S1000279,PYY-980
S1000280,PYY-981
S1000281,PYY-982
S1000282,PYY-983
S1000283,PYY-984
S1000284,PYY-985
S1000285,PYY-986
S1000286,PYY-987
S1000287,PYY-988
S1000288,PYY-989
S1000289,PYY-990
S1000290,PYY-991
S1000291,PYY-992
S1000292,PYY-993
S1000293,PYY-994
S1000294,PYY-995
S1000295,PYY-996
S1000296,PYY-997
S1000297,PYY-998
S1000298,PYY-999
S1000299,RJW-102
S1000300,RJW-103
S1000301,RJW-104
V1000001,RJW-105
V1000002,RJW-106
V1000003,RJW-107
V1000004,RJW-108
V1000005,RJW-109
V1000006,RJW-110
V1000007,RJW-111
V1000008,RJW-112
V1000009,RJW-113
V1000010,RJW-114
V1000011,RJW-115
V1000012,RJW-116
V1000013,RJW-117
V1000014,RJW-118
V1000015,RJW-119
V1000016,RJW-120
V1000017,RJW-121
V1000018,RJW-122
V1000019,RJW-123
V1000020,RJW-124
V1000021,RJW-125
V1000022,RJW-126
V1000023,RJW-127
V1000024,RJW-128
V1000025,RJW-129
V1000026,RJW-130
V1000027,RJW-131
V1000028,RJW-132
V1000029,RJW-133
V1000030,RJW-134
V1000031,RJW-135
V1000032,RJW-136
V1000033,RJW-137
V1000034,RJW-138
V1000035,RJW-139
V1000036,LFQ-121
V1000037,LFQ-122
V1000038,LFQ-123
V1000039,LFQ-124
V1000040,LFQ-125
V1000041,LFQ-126
V1000042,LFQ-127
V1000043,LFQ-128
V1000044,LFQ-129
V1000045,LFQ-130
V1000046,LFQ-131
V1000047,LFQ-132
V1000048,LFQ-133
V1000049,LFQ-134
V1000050,LFQ-135
S1000001,LFQ-136
S1000002,LFQ-137
S1000003,LFQ-138
S1000004,LFQ-139
S1000005,LFQ-140
S1000006,LFQ-141
S1000007,LFQ-142
S1000008,LFQ-143
S1000009,LFQ-144
S1000010,LFQ-145
S1000011,LFQ-146
S1000012,LFQ-147
S1000013,LFQ-148
S1000014,LFQ-149
S1000015,LFQ-150
S1000016,LFQ-151
S1000017,LFQ-152
S1000018,LFQ-153
S1000019,LFQ-154
S1000020,LFQ-155
S1000021,LFQ-156
S1000022,LFQ-157
S1000023,LFQ-158
S1000024,LFQ-159
S1000025,LFQ-160
S1000026,LFQ-161
S1000027,LFQ-162
S1000028,LFQ-163
S1000029,LFQ-164
S1000030,LFQ-165
S1000031,LFQ-166
S1000032,LFQ-167
S1000033,LFQ-168
S1000034,LFQ-169
S1000035,LFQ-170
S1000036,LFQ-171
S1000037,LFQ-172
S1000038,LFQ-173
S1000039,LFQ-174
S1000040,LFQ-175
S1000041,LFQ-176
S1000042,LFQ-177
S1000043,LFQ-178
S1000044,LFQ-179
S1000045,LFQ-180
S1000046,LFQ-181
S1000047,LFQ-182
S1000048,LFQ-183
S1000049,LFQ-184
S1000050,LFQ-185
S1000051,LFQ-186
S1000052,LFQ-187
S1000053,LFQ-188
S1000054,LFQ-189
S1000055,LFQ-190
S1000056,LFQ-191
S1000057,LFQ-192
S1000058,LFQ-193
S1000059,LFQ-194
S1000060,LFQ-195
S1000061,LFQ-196
S1000062,LFQ-197
S1000063,RJW-402
S1000064,RJW-403
S1000065,RJW-404
S1000066,RJW-405
S1000067,RJW-406
S1000068,RJW-407
S1000069,RJW-408
S1000070,RJW-409
S1000071,RJW-410
S1000072,RJW-411
S1000073,RJW-412
S1000074,RJW-413
S1000075,RJW-414
S1000076,RJW-415
S1000077,RJW-416
S1000078,RJW-417
S1000079,RJW-418
S1000080,RJW-419
S1000081,RJW-420
S1000082,RJW-421
S1000083,RJW-422
S1000084,RJW-423
S1000085,RJW-424
S1000086,RJW-425
S1000087,RJW-426
S1000088,RJW-427
S1000089,RJW-428
S1000090,RJW-429
S1000091,RJW-430
S1000092,RJW-431
S1000093,RJW-432
S1000094,RJW-433
S1000095,RJW-434
S1000096,RJW-435
S1000097,RJW-436
S1000098,RJW-437
S1000099,RJW-438
S1000100,RJW-439
S1000101,RJW-440
S1000102,RJW-441
S1000103,RJW-442
S1000104,RJW-443
S1000105,RJW-444
S1000106,RJW-445
S1000107,RJW-446
S1000108,RJW-447
S1000109,RJW-448
S1000110,PYY-439
S1000111,PYY-440
S1000112,PYY-441
S1000113,PYY-442
S1000114,PYY-443
S1000115,PYY-444
S1000116,PYY-445
S1000117,PYY-446
S1000118,PYY-447
S1000119,PYY-448
S1000120,PYY-449
S1000121,PYY-450
S1000122,PYY-451
S1000123,PYY-452
S1000124,PYY-453
S1000125,PYY-454
S1000126,PYY-455
S1000127,PYY-456
S1000128,PYY-457
S1000129,PYY-458
S1000130,PYY-459
S1000131,PYY-460
S1000132,PYY-461
S1000133,PYY-462
S1000134,PYY-463