PYY-439,s01_001
PYY-440,s01_003
PYY-441,s01_006
PYY-442,s01_009
PYY-443,s01_011
PYY-444,s01_016
PYY-445,s01_017
PYY-446,s01_020
PYY-447,s01_022
PYY-448,s01_023
PYY-449,s01_025
PYY-450,s01_027
PYY-451,s01_032
PYY-452,s01_033
PYY-453,s01_036
PYY-454,s01_040
PYY-455,s01_042
PYY-456,s01_043
PYY-457,s01_045
PYY-458,s01_048
PYY-459,s01_050
PYY-460,s01_051
PYY-461,s01_053
PYY-462,s01_055
PYY-463,s01_060
PYY-464,s01_061
PYY-465,s01_064
PYY-466,s01_065
PYY-467,s01_068
PYY-468,s01_072
PYY-469,s01_074
PYY-470,s01_075
PYY-471,s01_077
PYY-472,s01_080
PYY-473,s01_083
PYY-474,s01_084
PYY-475,s01_087
PYY-476,s01_091
PYY-477,s01_093
PYY-478,s01_094
PYY-479,s01_096
PYY-480,s01_099
PYY-481,s01_102
PYY-482,s01_103
PYY-483,s01_107
PYY-484,s01_108
PYY-485,s01_111
PYY-486,s01_116
PYY-487,s01_117
PYY-488,s01_121
PYY-489,s01_122
PYY-490,s01_125
PYY-491,s01_127
PYY-492,s01_131
PYY-493,s01_132
PYY-494,s01_135
PYY-495,s01_137
PYY-496,s01_140
PYY-497,s01_143
PYY-498,s01_145
PYY-499,s01_150
PYY-500,s01_151
PYY-501,s01_154
PYY-502,s01_156
PYY-503,s01_157
PYY-504,s01_159
PYY-505,s01_161
PYY-506,s01_166
PYY-507,s01_167
PYY-508,s01_170
PYY-509,s01_174
PYY-510,s01_176
PYY-971,s01_177
PYY-972,s01_179
PYY-973,s01_182
PYY-974,s01_184
PYY-975,s01_185
PYY-976,s01_187
PYY-977,s01_189
PYY-978,s01_194
PYY-979,s01_195
PYY-980,s01_198
PYY-981,s01_199
PYY-982,s01_202
PYY-983,s01_206
PYY-984,s01_208
PYY-985,s01_209
PYY-986,s01_211
PYY-987,s01_214
PYY-988,s01_217
PYY-989,s01_218
PYY-990,s01_221
PYY-991,s01_225
PYY-992,s01_227
PYY-993,s01_228
PYY-994,s01_230
PYY-995,s01_233
PYY-996,s01_236
PYY-997,s01_237
PYY-998,s01_241
PYY-999,s01_242
RJW-102,s01_245
RJW-103,s01_250
RJW-104,s01_251
RJW-105,s01_255
RJW-106,s01_256
RJW-107,s01_259
RJW-108,s01_261
RJW-109,s01_265
RJW-110,s01_266
RJW-111,s01_269
RJW-112,s01_271
RJW-113,s01_274
RJW-114,s01_277
RJW-115,s01_279
RJW-116,s01_284
RJW-117,s01_285
RJW-118,s01_288
RJW-119,s01_290
RJW-120,s01_291
RJW-121,s01_293
RJW-122,s01_295
RJW-123,s01_300
RJW-124,E01_001
RJW-125,E01_004
RJW-126,E01_008
RJW-127,E01_010
RJW-128,E01_011
RJW-129,E01_013
RJW-130,E01_016
RJW-131,E01_018
RJW-132,E01_019
RJW-133,E01_021
RJW-134,E01_023
RJW-135,E01_028
RJW-136,E01_029
RJW-137,E01_032
RJW-138,E01_033
RJW-139,E01_036
RJW-140,E01_040
RJW-141,E01_042
RJW-142,E01_043
RJW-143,E01_045
RJW-144,E01_048
RJW-145,E01_051
RJW-146,E01_052
RJW-147,E01_055
RJW-148,E01_059
RJW-149,E01_061
RJW-150,E01_062
RJW-151,E01_064
RJW-152,E01_067
RJW-153,E01_070
RJW-154,E01_071
RJW-155,E01_075
RJW-156,E01_076
RJW-157,E01_079
RJW-158,E01_084
RJW-159,E01_085
RJW-160,E01_089
RJW-161,E01_090
RJW-162,E01_093
RJW-163,E01_095
RJW-164,E01_099
RJW-165,E01_100
RJW-166,E01_103
RJW-167,E01_105
RJW-168,E01_108
RJW-169,E01_111
RJW-170,E01_113
RJW-171,E01_118
RJW-172,E01_119
RJW-173,E01_122
RJW-174,E01_124
RJW-175,E01_125
RJW-176,E01_127
RJW-177,E01_129
RJW-178,E01_134
RJW-179,E01_135
RJW-180,E01_138
RJW-181,E01_142
RJW-182,E01_144
RJW-183,E01_145
RJW-184,E01_147
RJW-185,E01_150
RJW-186,E01_152
RJW-187,E01_153
RJW-188,E01_155
RJW-189,E01_157
RJW-190,E01_162
RJW-191,E01_163
RJW-192,E01_166
RJW-193,E01_167
RJW-194,E01_170
RJW-195,E01_174
RJW-196,E01_176
RJW-197,E01_177
RJW-198,E01_179
RJW-199,E01_182
RJW-200,E01_185
RJW-201,E01_186
RJW-202,E01_189
RJW-203,E01_193
RJW-204,E01_195
RJW-205,E01_196
RJW-206,E01_198
RJW-207,E01_201
RJW-208,E01_204
RJW-209,E01_205
RJW-210,E01_209
RJW-211,E01_210
RJW-212,E01_213
RJW-213,E01_218
RJW-214,E01_219
RJW-215,E01_223
RJW-216,E01_224
RJW-217,E01_227
RJW-218,E01_229
RJW-219,E01_233
RJW-220,E01_234
RJW-221,E01_237
RJW-222,E01_239
RJW-223,E01_242
RJW-224,E01_245
RJW-225,E01_247
RJW-226,E01_252
RJW-227,E01_253
RJW-228,E01_256
RJW-229,E01_258
RJW-230,E01_259
RJW-231,E01_261
RJW-232,E01_263
RJW-233,E01_268
RJW-234,E01_269
RJW-235,E01_272
RJW-236,E01_276
RJW-237,E01_278
RJW-238,E01_279
RJW-239,E01_281
RJW-240,E01_284
RJW-241,E01_286
RJW-242,E01_287
RJW-243,E01_289
RJW-244,E01_291
RJW-245,E01_296
RJW-246,E01_297
RJW-247,E01_300
RJW-248,V01_001
RJW-249,V01_004
RJW-250,V01_008
RJW-251,V01_010
RJW-252,V01_011
RJW-253,V01_013
RJW-254,V01_016
RJW-255,V01_019
RJW-256,V01_020
RJW-257,V01_023
RJW-258,V01_027
RJW-259,V01_029
RJW-260,V01_030
RJW-261,V01_032
RJW-262,V01_035
RJW-263,V01_038
RJW-264,V01_039
RJW-265,V01_043
RJW-266,V01_044
RJW-267,V01_047
RJW-268,V01_052
RJW-269,V01_053
RJW-270,V01_057
RJW-271,V01_058
RJW-272,V01_061
RJW-273,V01_063
RJW-274,V01_067
RJW-275,V01_068
RJW-276,V01_071
RJW-277,V01_073
RJW-278,V01_076
RJW-279,V01_079
RJW-280,V01_081
RJW-281,V01_086
RJW-282,V01_087
RJW-283,V01_090
RJW-284,V01_092
RJW-285,V01_093
RJW-286,V01_095
RJW-287,V01_097
RJW-288,V01_102
RJW-289,V01_103
RJW-290,V01_106
RJW-291,V01_110
RJW-292,V01_112
RJW-293,V01_113
RJW-294,V01_115
RJW-295,V01_118
RJW-296,V01_120
RJW-297,V01_121
RJW-298,V01_123
RJW-299,V01_125
RJW-300,V01_130
RJW-386,V01_131
RJW-387,V01_134
RJW-388,V01_135
RJW-389,V01_138
RJW-390,V01_142
RJW-391,V01_144
RJW-392,V01_145
RJW-393,V01_147
RJW-394,V01_150
RJW-395,V01_153
RJW-396,V01_154
RJW-397,V01_157
RJW-398,V01_161
RJW-399,V01_163
RJW-400,V01_164
RJW-401,V01_166
RJW-402,V01_169
RJW-403,V01_172
RJW-404,V01_173
RJW-405,V01_177
RJW-406,V01_178
RJW-407,V01_181
RJW-408,V01_186
RJW-409,V01_187
RJW-410,V01_191
RJW-411,V01_192
RJW-412,V01_195
RJW-413,V01_197
RJW-414,V01_201
RJW-415,V01_202
RJW-416,V01_205
RJW-417,V01_207
RJW-418,V01_210
RJW-419,V01_213
RJW-420,V01_215
RJW-421,V01_220
RJW-422,V01_221
RJW-423,V01_224
RJW-424,V01_226
RJW-425,V01_227
RJW-426,V01_229
RJW-427,V01_231
RJW-428,V01_236
RJW-429,V01_237
RJW-430,V01_240
RJW-431,V01_244
RJW-432,V01_246
RJW-433,V01_247
RJW-434,V01_249
RJW-435,V01_252
RJW-436,V01_254
RJW-437,V01_255
RJW-438,V01_257
RJW-439,V01_259
RJW-440,V01_264
RJW-441,V01_265
RJW-442,V01_268
RJW-443,V01_269
RJW-444,V01_272
RJW-445,V01_276
RJW-446,V01_278
RJW-447,V01_279
RJW-448,V01_281
RJW-449,V01_284
RJW-450,V01_287
RJW-451,V01_288
RJW-452,V01_291
RJW-453,V01_295
RJW-454,V01_297
RJW-455,V01_298
RJW-456,V01_300
RJW-457,V01_303
RJW-458,V01_306
RJW-459,V01_307
RJW-460,V01_311
RJW-461,V01_312
RJW-462,V01_315
RJW-463,V01_320
LFQ-121,V01_321
LFQ-122,V01_325
LFQ-123,V01_326
LFQ-124,V01_329
LFQ-125,V01_331
LFQ-126,V01_335
LFQ-127,V01_336
LFQ-128,V01_339
LFQ-129,V01_341
LFQ-130,V01_344
LFQ-131,V01_347
LFQ-132,V01_349
LFQ-133,V01_354
LFQ-134,V01_355
LFQ-135,V01_358
LFQ-136,V01_360
LFQ-137,V01_361
LFQ-138,V01_363
LFQ-139,V01_365
LFQ-140,V01_370
LFQ-141,V01_371
LFQ-142,V01_374
LFQ-143,V01_378
LFQ-144,V01_380
LFQ-145,V01_381
LFQ-146,V01_383
LFQ-147,V01_386
LFQ-148,V01_388
LFQ-149,V01_389
LFQ-150,V01_391
LFQ-151,V01_393
LFQ-152,V01_398
LFQ-153,V01_399