r000001,PYY-439,2018-07-05 23:29:23,2018-11-12 14:38:23,4.82
r000002,PYY-440,2018-07-30 11:4:24,2018-12-12 19:50:30,8.38
r000003,PYY-441,2018-05-18 5:42:35,2018-12-07 14:17:3,17.26
r000004,PYY-442,2018-01-04 4:6:21,2018-12-11 11:23:13,25.25
r000005,PYY-443,2018-03-24 2:39:44,2018-12-12 21:4:14,28.2
r000006,PYY-444,2018-05-10 9:5:50,2018-11-02 0:14:33,14.03
r000007,PYY-445,2018-01-19 11:28:37,2018-11-19 18:1:20,0.84
r000008,PYY-446,2018-09-08 8:45:16,2018-12-26 4:50:43,21.34
r000009,PYY-447,2018-03-15 18:14:32,2018-12-29 12:14:56,16.76
r000010,PYY-448,2018-05-15 20:2:35,2018-12-30 7:32:51,18.1
r000011,PYY-449,2018-08-05 1:57:48,2018-11-03 15:40:35,24.07
r000012,PYY-450,2018-02-04 5:57:19,2018-12-20 6:37:4,29.86
r000013,PYY-451,2018-03-17 17:58:5,2018-12-16 17:50:38,8.85
r000014,PYY-452,2018-09-10 15:28:28,2018-11-21 4:29:3,13.28
r000015,PYY-453,2018-07-21 21:53:10,2018-11-12 21:31:42,6.9
r000016,PYY-454,2018-02-04 10:54:21,2018-11-26 18:54:18,13.87
r000017,PYY-455,2018-03-22 5:58:13,2018-12-08 15:54:6,6.88
r000018,PYY-456,2018-05-13 15:20:43,2018-12-12 23:47:49,22.37
r000019,PYY-457,2018-09-14 8:28:4,2018-11-05 20:59:19,21.59
r000020,PYY-458,2018-01-03 21:5:44,2018-11-12 22:24:9,12.66
r000021,PYY-459,2018-07-07 0:9:47,2018-11-01 11:12:55,28.77
r000022,PYY-460,2018-08-14 18:54:24,2018-11-20 23:40:29,5.91
r000023,PYY-461,2018-10-20 4:41:4,2018-12-21 2:48:55,23.96
r000024,PYY-462,2018-06-29 3:28:43,2018-11-06 3:24:46,25.14
r000025,PYY-463,2018-02-02 11:4:21,2018-11-06 21:59:21,16.48
r000026,PYY-464,2018-07-07 1:31:10,2018-12-24 3:39:18,6.32
r000027,PYY-465,2018-04-11 10:1:18,2018-12-21 21:12:25,24.4
r000028,PYY-466,2018-08-18 17:44:34,2018-12-15 0:49:6,12.84
r000029,PYY-467,2018-01-25 0:0:6,2018-12-15 16:45:23,11.68
r000030,PYY-468,2018-06-17 16:9:51,2018-12-06 11:15:37,1.63
r000031,PYY-469,2018-03-13 23:12:50,2018-11-26 17:35:49,5.83
r000032,PYY-470,2018-01-27 13:46:58,2018-12-05 11:46:0,13.77
r000033,PYY-471,2018-09-29 7:41:3,2018-11-29 21:10:47,24.67
r000034,PYY-472,2018-09-23 20:11:32,2018-11-07 16:16:41,13.51
r000035,PYY-473,2018-05-23 20:25:44,2018-12-14 10:20:21,5.02
r000036,PYY-474,2018-04-09 16:50:33,2018-11-06 2:14:45,7.82
r000037,PYY-475,2018-09-16 20:28:31,2018-12-18 13:47:59,17.74
r000038,PYY-476,2018-09-22 18:5:5,2018-10-31 22:2:49,15.89
r000039,PYY-477,2018-07-04 16:52:57,2018-12-20 3:5:20,15.4
r000040,PYY-478,2018-07-14 13:15:30,2018-11-09 16:21:47,2.55
r000041,PYY-479,2018-03-19 15:21:16,2018-11-18 16:42:40,6.08
r000042,PYY-480,2018-07-11 14:38:42,2018-11-27 9:35:13,6
r000043,PYY-481,2018-01-13 15:59:34,2018-11-06 20:15:15,25.03
r000044,PYY-482,2018-08-16 13:12:6,2018-12-29 13:10:8,14.6
r000045,PYY-483,2018-03-25 3:25:34,2018-12-18 16:27:25,19.32
r000046,PYY-484,2018-07-23 12:48:56,2018-12-05 6:18:9,6.95
r000047,PYY-485,2018-10-15 11:3:24,2018-12-03 4:38:9,0.24
r000048,PYY-486,2018-09-17 15:19:12,2018-12-13 11:48:23,15.37
r000049,PYY-487,2018-07-17 7:43:19,2018-12-17 23:33:13,11.52
r000050,PYY-488,2018-08-16 14:52:17,2018-12-23 5:57:58,3.84
r000051,PYY-489,2018-06-14 17:6:34,2018-11-18 15:34:19,15.19
r000052,PYY-490,2018-01-20 10:19:48,2018-11-21 4:31:48,2.05
r000053,PYY-491,2018-07-26 19:3:47,2018-11-26 10:1:4,14.82
r000054,PYY-492,2018-06-11 19:21:19,2018-11-02 9:36:40,16.68
r000055,PYY-493,2018-08-18 16:48:49,2018-11-16 0:51:29,25.99
r000056,PYY-494,2018-04-12 3:59:16,2018-12-02 20:56:56,28.88
r000057,PYY-495,2018-04-21 2:47:30,2018-11-09 10:5:31,19.43
r000058,PYY-496,2018-01-07 3:22:52,2018-11-22 23:13:57,9.25
r000059,PYY-497,2018-09-22 4:48:40,2018-12-26 4:8:20,4.2
r000060,PYY-498,2018-08-02 2:51:54,2018-11-30 10:23:49,10.16
r000061,PYY-499,2018-02-18 17:52:54,2018-12-03 12:54:21,6.43
r000062,PYY-500,2018-04-23 22:21:15,2018-12-03 16:58:48,15.98
r000063,PYY-501,2018-06-12 2:7:29,2018-11-04 0:16:28,19.32
r000064,PYY-502,2018-04-28 20:35:19,2018-12-26 5:1:41,17.04
r000065,PYY-503,2018-02-14 11:38:6,2018-12-28 10:17:10,13.88
r000066,PYY-504,2018-10-31 9:40:25,2018-11-12 4:15:21,23.57
r000067,PYY-505,2018-01-12 17:2:25,2018-12-26 11:18:0,28.83
r000068,PYY-506,2018-04-12 9:27:55,2018-12-16 23:29:42,1.4
r000069,PYY-507,2018-01-16 19:23:40,2018-11-10 14:43:54,9.26
r000070,PYY-508,2018-08-05 6:10:45,2018-12-30 6:28:47,29.07
r000071,PYY-509,2018-03-03 20:34:50,2018-11-19 20:21:16,23.88
r000072,PYY-510,2018-07-30 1:53:59,2018-11-23 4:43:45,13.54
r000073,PYY-511,2018-08-21 12:32:43,2018-11-22 11:55:22,19.6
r000074,PYY-512,2018-01-28 2:20:45,2018-11-24 11:41:20,15.87
r000075,PYY-513,2018-10-10 10:20:22,2018-12-17 13:2:31,25.15
r000076,PYY-514,2018-03-19 19:48:42,2018-11-12 8:13:28,6.81
r000077,PYY-515,2018-05-17 21:21:39,2018-12-14 8:50:40,16.79
r000078,PYY-516,2018-10-09 2:53:18,2018-12-06 7:29:27,4.74
r000079,PYY-517,2018-07-28 2:55:30,2018-12-23 12:55:57,3.59
r000080,PYY-518,2018-09-19 15:16:9,2018-12-26 21:36:2,27.03
r000081,PYY-519,2018-05-09 22:23:54,2018-11-16 21:55:36,27.97
r000082,PYY-520,2018-06-15 1:50:10,2018-12-18 1:49:58,23.32
r000083,PYY-521,2018-05-02 0:25:4,2018-12-07 14:55:19,8.55
r000084,PYY-522,2018-04-23 13:20:40,2018-12-25 19:11:8,9.13
r000085,PYY-523,2018-05-05 4:5:0,2018-12-31 1:53:42,8.75
r000086,PYY-524,2018-06-24 18:49:16,2018-12-08 11:14:42,25.99
r000087,PYY-525,2018-02-04 16:41:36,2018-12-20 12:26:25,22.43
r000088,PYY-526,2018-03-21 7:29:22,2018-11-10 20:14:14,6.99
r000089,PYY-527,2018-09-23 12:5:1,2018-12-05 23:25:5,1.95
r000090,PYY-528,2018-09-24 10:20:32,2018-12-26 18:30:56,8.26
r000091,PYY-529,2018-08-20 4:14:25,2018-11-12 12:28:7,3.45
r000092,PYY-530,2018-08-21 0:22:56,2018-11-27 19:53:53,27.21
r000093,PYY-531,2018-09-17 23:31:6,2018-12-23 2:37:31,15.96
r000094,PYY-532,2018-10-08 14:40:11,2018-12-27 11:39:56,14.67
r000095,PYY-533,2018-03-12 19:24:16,2018-12-21 4:16:21,28.03
r000096,PYY-534,2018-03-21 10:44:37,2018-12-17 17:44:50,6.75
r000097,PYY-535,2018-07-21 4:11:27,2018-11-27 17:24:6,25.66
r000098,PYY-536,2018-10-31 2:10:13,2018-11-07 20:49:27,28.66
r000099,PYY-537,2018-09-19 12:21:21,2018-12-19 12:41:20,25.69
r000100,PYY-538,2018-08-11 9:29:37,2018-11-17 14:39:38,22.54
r000101,PYY-539,2018-09-12 2:10:2,2018-11-02 8:5:54,5.02
r000102,PYY-540,2018-09-04 18:35:54,2018-12-24 2:59:38,14.42
r000103,PYY-541,2018-08-22 0:25:9,2018-12-26 19:53:34,7.43
r000104,PYY-542,2018-06-06 9:34:22,2018-12-26 13:9:52,20.64
r000105,PYY-543,2018-01-20 14:49:41,2018-10-31 21:59:49,14.15
r000106,PYY-544,2018-07-10 15:38:40,2018-11-16 6:47:19,15.98
r000107,PYY-545,2018-08-11 13:12:41,2018-12-20 21:18:25,8.65
r000108,PYY-546,2018-01-09 14:7:24,2018-12-20 11:47:17,2.16
r000109,PYY-547,2018-10-20 6:52:23,2018-11-13 20:43:26,18.79
r000110,PYY-548,2018-02-09 5:50:19,2018-12-06 3:9:48,2.17
r000111,PYY-549,2018-06-02 11:48:44,2018-12-29 13:29:30,5.24
r000112,PYY-550,2018-10-07 12:22:54,2018-11-26 3:43:24,24.38
r000113,PYY-551,2018-06-01 2:37:33,2018-12-27 0:11:53,1.9
r000114,PYY-552,2018-02-04 18:14:19,2018-12-19 10:30:55,9.39
r000115,PYY-553,2018-07-12 0:54:20,2018-11-27 22:55:26,12.3
r000116,PYY-554,2018-04-09 14:23:30,2018-12-09 21:57:38,29.19
r000117,PYY-555,2018-06-06 14:41:43,2018-11-18 21:2:24,21.14
r000118,PYY-556,2018-05-07 10:56:50,2018-11-16 16:24:32,3.71
r000119,PYY-557,2018-07-24 16:35:58,2018-11-14 6:39:15,10.51
r000120,PYY-558,2018-10-09 17:23:14,2018-12-12 0:53:17,28.61
r000121,PYY-559,2018-05-07 20:33:13,2018-11-10 2:3:44,8.52
r000122,PYY-560,2018-07-16 7:30:34,2018-12-19 8:38:28,21.87
r000123,PYY-561,2018-04-14 6:20:23,2018-12-06 9:57:29,14.25
r000124,PYY-562,2018-06-24 1:46:31,2018-12-30 18:3:48,25.93
r000125,PYY-563,2018-08-07 23:31:2,2018-12-08 3:49:38,9.85
r000126,PYY-564,2018-05-12 6:2:9,2018-11-21 20:23:8,12.87
r000127,PYY-565,2018-07-23 2:16:36,2018-12-14 14:58:29,28.14
r000128,PYY-566,2018-06-01 21:59:0,2018-11-22 21:55:0,15.82
r000129,PYY-567,2018-05-08 1:41:14,2018-11-25 17:21:57,29.86
r000130,PYY-568,2018-08-31 9:32:13,2018-12-09 9:20:50,19.57
r000131,PYY-569,2018-10-03 15:41:17,2018-12-14 8:47:35,23.11
r000132,PYY-570,2018-04-27 2:52:23,2018-11-20 19:28:27,28.35
r000133,PYY-571,2018-04-07 8:34:23,2018-12-02 21:25:25,10.4
r000134,PYY-572,2018-09-29 20:47:12,2018-11-29 11:55:24,23.69
r000135,PYY-573,2018-07-11 0:43:37,2018-11-26 4:27:57,7.78
r000136,PYY-574,2018-08-21 14:39:18,2018-12-29 20:36:8,13.51
r000137,PYY-575,2018-08-01 19:58:30,2018-12-03 20:23:16,6.06
r000138,PYY-576,2018-10-30 8:57:0,2018-12-10 1:12:20,11.11
r000139,PYY-577,2018-09-27 18:26:23,2018-11-15 23:34:53,19.35
r000140,PYY-578,2018-01-12 14:54:15,2018-12-03 14:1:35,21.58
r000141,PYY-579,2018-09-01 7:48:22,2018-11-15 3:52:45,12.96
r000142,PYY-580,2018-08-17 3:34:27,2018-11-04 3:30:49,2.75
r000143,PYY-581,2018-06-27 12:44:4,2018-12-12 3:32:19,5.37
r000144,PYY-582,2018-10-02 9:26:27,2018-12-05 20:47:49,29.78
r000145,PYY-583,2018-10-18 17:59:10,2018-12-29 16:57:16,12.7
r000146,PYY-584,2018-07-06 7:37:5,2018-11-27 21:34:49,21.55
r000147,PYY-585,2018-06-02 23:31:55,2018-11-13 23:16:53,3.6
r000148,PYY-586,2018-01-28 23:32:24,2018-11-14 16:46:36,23.1
r000149,PYY-587,2018-07-03 7:17:9,2018-12-09 19:2:47,17.16
r000150,PYY-588,2018-04-08 10:6:42,2018-11-15 19:42:37,2.32
r000151,PYY-589,2018-02-28 5:18:14,2018-11-28 14:31:35,20.35
r000152,PYY-590,2018-09-02 11:29:43,2018-12-02 5:46:5,19.73
r000153,PYY-591,2018-01-14 7:2:40,2018-11-05 22:28:24,28.07
r000154,PYY-592,2018-08-29 0:57:41,2018-11-27 1:41:51,19.63
r000155,PYY-593,2018-04-30 4:24:0,2018-12-16 1:31:12,13.59
r000156,PYY-594,2018-10-23 20:21:55,2018-11-11 23:21:9,8.52
r000157,PYY-595,2018-01-05 19:15:53,2018-12-22 6:49:0,6.68
r000158,PYY-596,2018-01-21 19:29:17,2018-12-04 22:38:41,15.85
r000159,PYY-597,2018-04-26 8:40:58,2018-11-05 9:2:14,20.04
r000160,PYY-598,2018-04-09 11:19:34,2018-12-01 22:30:26,17.59
r000161,PYY-599,2018-08-21 19:24:4,2018-12-10 8:51:4,19.08
r000162,PYY-600,2018-05-05 14:56:45,2018-11-28 3:8:26,26.55
r000163,PYY-601,2018-04-24 6:9:15,2018-11-28 2:7:7,2.07
r000164,PYY-602,2018-06-21 6:19:46,2018-12-10 19:59:1,29.69
r000165,PYY-603,2018-05-23 0:59:27,2018-12-13 18:34:34,17.34
r000166,PYY-604,2018-08-19 8:48:58,2018-12-22 3:52:44,17.42
r000167,PYY-605,2018-04-06 16:35:46,2018-11-04 22:54:20,0.15
r000168,PYY-606,2018-01-28 2:21:9,2018-12-11 14:36:58,4.9
r000169,PYY-607,2018-08-16 15:28:9,2018-12-30 6:57:1,2.34
r000170,PYY-608,2018-08-12 5:29:59,2018-12-02 18:5:59,12.38
r000171,PYY-609,2018-08-01 3:54:45,2018-11-05 7:23:0,16.79
r000172,PYY-610,2018-10-10 16:59:20,2018-12-14 12:30:44,20.59
r000173,PYY-611,2018-08-20 13:21:37,2018-11-08 10:53:33,5.97
r000174,PYY-612,2018-02-13 7:52:26,2018-12-06 0:34:42,6.46
r000175,PYY-613,2018-07-09 6:7:33,2018-11-15 20:44:39,21.36
r000176,PYY-614,2018-09-14 8:27:45,2018-12-23 15:31:15,9.76
r000177,PYY-615,2018-06-10 18:54:52,2018-12-19 4:19:12,8.25
r000178,PYY-616,2018-07-19 7:11:47,2018-12-09 20:11:4,25.86
r000179,PYY-617,2018-03-04 0:11:53,2018-11-28 15:27:59,18.96
r000180,PYY-618,2018-06-08 7:5:28,2018-12-17 21:50:3,18.54
r000181,PYY-619,2018-08-20 1:19:52,2018-12-29 20:42:49,21.43
r000182,PYY-620,2018-01-05 5:18:55,2018-11-10 16:7:24,18.63
r000183,PYY-621,2018-01-10 10:30:18,2018-11-12 3:16:27,11.34
r000184,PYY-622,2018-02-28 3:2:56,2018-12-17 13:24:9,9.75
r000185,PYY-623,2018-06-22 18:2:44,2018-11-10 13:17:7,16.89
r000186,PYY-624,2018-05-16 22:29:16,2018-11-30 18:34:37,27.18
r000187,PYY-625,2018-01-26 22:52:4,2018-12-26 8:51:45,7.79
r000188,PYY-626,2018-05-29 6:39:10,2018-11-18 20:24:37,7.01
r000189,PYY-627,2018-04-10 4:12:59,2018-12-14 15:3:10,17.31
r000190,PYY-628,2018-01-06 4:16:31,2018-11-19 1:38:21,11.96
r000191,PYY-629,2018-08-06 22:9:57,2018-12-18 5:4:38,24
r000192,PYY-630,2018-03-09 20:42:9,2018-11-16 9:26:17,27.67
r000193,PYY-631,2018-03-21 18:14:33,2018-12-22 1:11:23,21.74
r000194,PYY-632,2018-04-09 8:15:16,2018-12-17 1:58:40,14.96
r000195,PYY-633,2018-06-26 4:33:20,2018-11-25 19:57:5,4.1
r000196,PYY-634,2018-01-02 9:19:3,2018-12-26 8:53:54,24.24
r000197,PYY-635,2018-09-05 12:16:51,2018-11-11 19:51:33,11.84
r000198,PYY-636,2018-02-26 4:46:3,2018-11-05 7:36:30,7.77
r000199,PYY-637,2018-07-23 16:40:27,2018-11-03 23:32:47,10.55
r000200,PYY-638,2018-06-09 7:39:45,2018-12-18 12:33:18,5.67
r000201,PYY-639,2018-06-14 17:24:44,2018-11-28 3:31:33,24.35
r000202,PYY-640,2018-10-06 19:59:36,2018-12-16 8:55:54,21.12
r000203,PYY-641,2018-07-18 10:8:25,2018-12-29 8:10:26,3.31
r000204,PYY-642,2018-04-25 7:25:25,2018-12-17 21:47:28,17.07
r000205,PYY-643,2018-06-11 19:24:53,2018-11-18 14:35:26,3.39
r000206,PYY-644,2018-04-02 2:51:53,2018-12-13 23:59:21,9.07
r000207,PYY-645,2018-09-11 5:33:57,2018-12-20 15:20:55,0.12
r000208,PYY-646,2018-02-25 5:31:2,2018-12-15 10:55:20,14.84
r000209,PYY-647,2018-06-04 9:7:55,2018-11-13 8:28:17,7.87
r000210,PYY-648,2018-02-08 23:27:18,2018-12-03 12:32:41,8.69
r000211,PYY-649,2018-04-02 12:17:35,2018-11-09 1:54:39,21.59
r000212,PYY-650,2018-08-28 23:26:8,2018-11-10 10:42:7,24.78
r000213,PYY-651,2018-01-11 15:55:25,2018-11-30 9:28:37,18.89
r000214,PYY-652,2018-02-10 12:13:26,2018-12-24 1:39:9,21.84
r000215,PYY-653,2018-10-09 9:42:32,2018-12-14 11:35:46,16.12
r000216,PYY-654,2018-02-07 13:32:52,2018-11-13 9:40:0,8.01
r000217,PYY-655,2018-01-31 6:57:10,2018-12-04 15:56:23,4.77
r000218,PYY-656,2018-09-10 7:13:47,2018-12-22 14:12:18,12.34
r000219,PYY-657,2018-01-26 23:43:20,2018-12-25 10:50:4,2.59
r000220,PYY-658,2018-05-10 18:55:56,2018-12-16 1:49:49,22.98
r000221,PYY-659,2018-07-08 15:33:21,2018-12-20 3:50:50,27.36
r000222,PYY-660,2018-09-15 21:32:11,2018-11-10 19:33:5,22.62
r000223,PYY-661,2018-03-07 1:57:31,2018-11-21 21:53:6,23.01
r000224,PYY-662,2018-07-26 20:48:53,2018-11-26 16:43:5,19.48
r000225,PYY-663,2018-03-26 11:41:22,2018-11-23 3:46:15,29.37
r000226,PYY-664,2018-01-23 11:20:32,2018-12-06 7:24:39,11.79
r000227,PYY-665,2018-06-21 4:55:16,2018-11-08 14:2:25,1.02
r000228,PYY-666,2018-04-02 18:51:21,2018-11-22 15:1:13,22.13
r000229,PYY-667,2018-05-04 10:10:3,2018-12-19 19:24:14,10.02
r000230,PYY-668,2018-01-09 8:14:46,2018-11-06 3:47:0,10.19
r000231,PYY-669,2018-10-26 23:52:14,2018-12-05 10:6:39,9.98
r000232,PYY-670,2018-08-06 15:41:41,2018-11-19 3:45:37,4.97
r000233,PYY-671,2018-05-15 6:42:43,2018-11-11 18:17:34,1.79
r000234,PYY-672,2018-03-13 6:17:50,2018-12-09 21:4:39,29.95
r000235,PYY-673,2018-05-24 6:11:17,2018-12-06 10:6:58,1.21
r000236,PYY-674,2018-09-17 5:26:34,2018-11-07 10:37:38,23.94
r000237,PYY-675,2018-02-28 23:28:36,2018-12-14 20:32:56,16.93
r000238,PYY-676,2018-01-15 1:55:40,2018-12-20 20:33:46,23.42
r000239,PYY-677,2018-03-20 22:8:35,2018-11-12 13:59:49,12.5
r000240,PYY-678,2018-01-27 4:0:31,2018-11-30 14:19:37,12.95
r000241,PYY-679,2018-03-02 2:10:44,2018-12-01 3:13:40,27.72
r000242,PYY-680,2018-09-16 22:0:2,2018-11-06 6:15:53,23.13
r000243,PYY-681,2018-06-30 1:5:38,2018-12-11 14:13:48,13.34
r000244,PYY-682,2018-10-28 20:54:24,2018-11-20 4:10:22,4.05
r000245,PYY-683,2018-07-05 11:9:38,2018-11-08 1:59:57,12.32
r000246,PYY-684,2018-05-12 15:54:59,2018-11-27 21:54:34,13.44
r000247,PYY-685,2018-08-06 20:33:43,2018-11-29 23:38:20,18.83
r000248,PYY-686,2018-10-29 17:6:34,2018-12-20 13:29:1,7.87
r000249,PYY-687,2018-03-30 21:14:49,2018-12-01 15:31:52,15.99
r000250,PYY-688,2018-04-15 9:46:42,2018-11-19 23:32:9,1.38
r000251,PYY-689,2018-07-04 4:15:41,2018-11-02 12:18:11,9.69
r000252,PYY-690,2018-03-16 11:47:18,2018-12-04 6:25:27,28.25
r000253,PYY-691,2018-09-16 14:22:46,2018-12-30 7:24:22,9.88
r000254,PYY-692,2018-10-16 23:11:16,2018-12-30 9:4:50,12.63
r000255,PYY-693,2018-10-04 12:30:18,2018-11-05 17:47:39,10.18
r000256,PYY-694,2018-02-16 17:33:34,2018-12-13 16:50:4,10.1
r000257,PYY-695,2018-04-10 20:18:18,2018-12-21 7:58:49,11.82
r000258,PYY-696,2018-03-29 3:27:42,2018-11-10 7:37:36,21.75
r000259,PYY-697,2018-05-21 13:50:59,2018-11-19 23:12:12,12.52
r000260,PYY-698,2018-05-12 10:4:56,2018-11-30 10:48:15,13.8
r000261,PYY-699,2018-08-28 6:2:39,2018-11-22 9:8:56,3.11
r000262,PYY-700,2018-06-11 0:32:1,2018-12-21 13:25:34,23.67
r000263,PYY-701,2018-10-05 13:19:52,2018-12-09 2:43:22,25.02
r000264,PYY-702,2018-05-12 13:30:16,2018-11-27 19:0:2,19.69
r000265,PYY-703,2018-06-06 10:57:10,2018-12-01 11:37:20,16.61
r000266,PYY-704,2018-03-13 14:8:0,2018-12-12 0:31:43,9.87
r000267,PYY-705,2018-09-04 18:34:22,2018-11-06 2:2:49,3.09
r000268,PYY-706,2018-05-13 19:46:1,2018-12-16 5:38:26,15.99
r000269,PYY-707,2018-07-12 9:49:12,2018-12-23 23:11:28,28.6
r000270,PYY-708,2018-02-28 8:7:53,2018-12-07 0:48:31,11.67
r000271,PYY-709,2018-04-05 1:51:2,2018-12-25 13:15:36,14.35
r000272,PYY-710,2018-10-18 18:50:5,2018-11-29 12:23:45,6.27
r000273,PYY-711,2018-08-19 10:11:1,2018-12-02 16:53:54,19.08
r000274,PYY-712,2018-10-10 23:2:53,2018-12-01 5:19:15,17.82
r000275,PYY-713,2018-01-08 16:59:40,2018-11-20 6:24:24,1.53
r000276,PYY-714,2018-03-24 12:17:32,2018-11-06 17:38:26,25.58
r000277,PYY-715,2018-08-30 22:2:59,2018-11-06 20:42:29,14.89
r000278,PYY-716,2018-08-26 12:28:31,2018-12-03 21:44:48,10.3
r000279,PYY-717,2018-03-21 16:19:59,2018-11-13 9:56:50,3.89
r000280,PYY-718,2018-03-15 22:42:32,2018-11-08 4:34:42,6.56
r000281,PYY-719,2018-02-02 5:38:55,2018-11-17 3:40:54,12.81
r000282,PYY-720,2018-01-18 5:55:27,2018-11-08 16:9:47,1.09
r000283,PYY-721,2018-03-18 16:56:29,2018-11-22 20:40:38,1.91
r000284,PYY-722,2018-04-13 18:24:20,2018-11-07 21:28:51,13.38
r000285,PYY-723,2018-03-02 0:44:22,2018-11-19 0:2:28,16.21
r000286,PYY-724,2018-01-02 0:23:52,2018-11-22 3:58:55,6.56
r000287,PYY-725,2018-02-11 3:11:39,2018-12-05 6:59:3,20.97
r000288,PYY-726,2018-05-13 13:54:30,2018-10-31 19:31:46,26.3
r000289,PYY-727,2018-01-21 6:25:4,2018-11-28 17:34:38,28.29
r000290,PYY-728,2018-06-06 16:49:36,2018-11-22 3:6:29,5.68
r000291,PYY-729,2018-06-16 2:11:24,2018-11-27 23:40:22,26.59
r000292,PYY-730,2018-07-26 10:31:41,2018-11-07 23:19:24,23.84
r000293,PYY-731,2018-07-29 23:45:6,2018-12-16 6:16:33,19.99
r000294,PYY-732,2018-03-25 5:12:35,2018-12-22 7:17:53,16.64
r000295,PYY-733,2018-08-06 9:42:40,2018-12-06 16:53:32,9.41
r000296,PYY-734,2018-02-08 7:56:6,2018-12-28 6:23:59,4.95
r000297,PYY-735,2018-09-16 17:9:56,2018-11-20 4:26:28,29.51
r000298,PYY-736,2018-09-14 6:24:42,2018-12-04 13:48:50,12.99
r000299,PYY-737,2018-08-09 10:4:31,2018-12-20 18:15:18,26
r000300,PYY-738,2018-09-23 23:10:8,2018-11-20 20:30:24,21.47
r000301,PYY-739,2018-04-19 11:29:45,2018-11-27 17:16:21,10.99
r000302,PYY-740,2018-05-17 18:11:23,2018-11-15 9:16:42,9.27
r000303,PYY-741,2018-08-13 10:38:47,2018-11-16 10:7:21,7.64
r000304,PYY-742,2018-10-10 0:24:7,2018-11-01 4:43:34,13.16
r000305,PYY-743,2018-09-10 15:31:48,2018-12-16 8:36:35,22.46
r000306,PYY-744,2018-05-09 6:39:29,2018-12-04 8:54:57,23.24
r000307,PYY-745,2018-04-21 1:8:4,2018-11-10 1:35:3,12.29
r000308,PYY-746,2018-02-14 5:22:7,2018-12-08 8:48:34,23.39
r000309,PYY-747,2018-06-22 21:58:12,2018-12-07 13:45:26,25.79
r000310,PYY-748,2018-06-18 0:12:18,2018-11-07 4:13:26,2.05
r000311,PYY-749,2018-10-16 22:26:25,2018-12-01 16:14:19,16.61
r000312,PYY-750,2018-01-28 1:44:7,2018-12-05 15:5:47,16.59
r000313,PYY-751,2018-01-26 15:39:25,2018-12-01 16:47:58,21.8
r000314,PYY-752,2018-05-03 3:22:38,2018-11-27 7:22:55,26.99
r000315,PYY-753,2018-10-07 21:5:4,2018-12-18 13:10:15,1.02
r000316,PYY-754,2018-02-11 22:39:43,2018-11-16 6:33:10,3.11
r000317,PYY-755,2018-02-02 7:38:8,2018-11-25 10:44:10,7.23
r000318,PYY-756,2018-05-01 23:40:1,2018-11-15 20:14:35,25.63
r000319,PYY-757,2018-08-29 0:41:40,2018-11-28 0:20:52,15.79
r000320,PYY-758,2018-05-06 7:19:19,2018-11-30 13:18:35,17.19
r000321,PYY-759,2018-08-24 21:17:24,2018-11-30 6:3:5,14.96
r000322,PYY-760,2018-04-24 19:39:42,2018-11-03 10:34:36,5.99
r000323,PYY-761,2018-06-15 22:19:43,2018-12-14 14:13:32,29.89
r000324,PYY-762,2018-05-19 3:22:51,2018-11-28 20:38:21,26.61
r000325,PYY-763,2018-04-29 2:16:6,2018-12-10 23:4:21,10.68
r000326,PYY-764,2018-02-03 7:55:42,2018-11-02 22:19:36,24.39
r000327,PYY-765,2018-08-03 14:16:28,2018-11-08 10:34:8,11.18
r000328,PYY-766,2018-09-22 18:41:28,2018-11-12 6:50:19,19.66
r000329,PYY-767,2018-02-04 6:38:50,2018-12-12 6:29:54,6.93
r000330,PYY-768,2018-01-08 15:52:38,2018-12-15 11:58:34,13.24
r000331,PYY-769,2018-10-11 10:45:53,2018-12-12 23:46:34,3.33
r000332,PYY-770,2018-01-08 11:8:46,2018-12-16 19:22:30,13.74
r000333,PYY-771,2018-06-12 10:38:57,2018-11-07 3:51:11,6.12
r000334,PYY-772,2018-09-22 6:34:51,2018-11-18 6:16:56,22.35
r000335,PYY-773,2018-02-24 17:17:7,2018-12-30 5:15:11,6
r000336,PYY-774,2018-06-28 20:50:34,2018-12-06 22:53:53,14.82
r000337,PYY-775,2018-04-24 7:18:25,2018-11-22 14:24:35,12.41
r000338,PYY-776,2018-01-27 17:30:56,2018-12-27 15:32:4,11.91
r000339,PYY-777,2018-05-03 16:16:24,2018-11-12 1:21:19,13.93
r000340,PYY-778,2018-01-28 18:55:1,2018-11-13 19:53:47,24.63
r000341,PYY-779,2018-04-29 1:4:49,2018-11-25 1:52:10,28.93
r000342,PYY-780,2018-04-14 22:49:42,2018-11-14 11:13:52,15
r000343,PYY-781,2018-10-05 11:7:16,2018-12-17 20:10:42,16.15
r000344,PYY-782,2018-10-07 18:6:38,2018-12-08 1:59:58,26.71
r000345,PYY-783,2018-08-28 22:18:9,2018-11-28 19:29:9,13.21
r000346,PYY-784,2018-07-13 10:51:8,2018-12-31 14:56:32,29.15
r000347,PYY-785,2018-05-03 14:23:52,2018-12-06 4:54:27,16.51
r000348,PYY-786,2018-10-23 23:26:48,2018-11-06 16:29:11,1.34
r000349,PYY-787,2018-01-06 1:33:32,2018-12-03 20:55:43,5.14
r000350,PYY-788,2018-03-12 2:18:2,2018-12-13 8:57:39,17.67
r000351,PYY-789,2018-04-08 1:1:37,2018-12-20 21:6:33,19.31
r000352,PYY-790,2018-02-01 0:20:50,2018-11-27 15:17:16,3.53
r000353,PYY-791,2018-05-19 21:5:1,2018-11-04 11:46:14,9.8
r000354,PYY-792,2018-09-01 6:30:9,2018-11-14 1:47:59,17.31
r000355,PYY-793,2018-08-25 9:17:23,2018-11-18 0:58:21,7.82
r000356,PYY-794,2018-04-11 4:40:22,2018-12-10 0:10:13,18.74
r000357,PYY-795,2018-10-23 1:11:45,2018-11-19 16:14:13,16.06
r000358,PYY-796,2018-08-28 11:34:10,2018-12-12 15:7:16,2.74
r000359,PYY-797,2018-10-16 2:30:44,2018-12-10 16:57:24,0.8
r000360,PYY-798,2018-04-10 10:27:23,2018-11-18 15:53:31,27.01
r000361,PYY-799,2018-09-16 12:58:3,2018-11-02 20:4:36,24.6
r000362,PYY-800,2018-06-28 16:50:17,2018-11-13 22:8:6,20.54
r000363,PYY-801,2018-07-11 16:40:12,2018-11-10 12:1:3,11.73
r000364,PYY-802,2018-04-16 12:32:27,2018-11-24 5:18:56,7.3
r000365,PYY-803,2018-09-28 8:12:54,2018-11-19 20:14:13,8.76
r000366,PYY-804,2018-07-24 20:50:51,2018-12-11 0:27:5,12.51
r000367,PYY-805,2018-02-08 19:10:39,2018-11-09 15:57:52,24.73
r000368,PYY-806,2018-06-26 13:59:48,2018-11-25 19:40:26,7.93
r000369,PYY-807,2018-05-30 23:17:16,2018-11-08 22:12:3,15.74
r000370,PYY-808,2018-06-12 8:50:7,2018-11-21 1:24:55,8.48
r000371,PYY-809,2018-06-11 11:52:19,2018-12-03 4:37:39,13.65
r000372,PYY-810,2018-04-25 10:18:40,2018-11-25 19:59:24,17.44
r000373,PYY-811,2018-03-18 19:17:10,2018-11-10 6:42:7,1.06
r000374,PYY-812,2018-02-27 16:11:23,2018-12-31 2:53:51,26.34
r000375,PYY-813,2018-02-06 19:11:3,2018-12-18 7:47:13,0.84
r000376,PYY-814,2018-10-01 23:20:19,2018-12-12 22:24:54,24.87
r000377,PYY-815,2018-08-30 10:1:43,2018-12-30 23:19:22,2.37
r000378,PYY-816,2018-09-10 22:17:15,2018-12-11 11:24:6,0.91
r000379,PYY-817,2018-05-30 18:44:39,2018-11-19 5:18:48,22
r000380,PYY-818,2018-04-01 5:29:19,2018-12-16 23:18:23,9.04
r000381,PYY-819,2018-08-25 10:15:6,2018-11-26 15:0:34,26.71
r000382,PYY-820,2018-07-13 13:5:27,2018-12-17 18:42:27,9.37
r000383,PYY-821,2018-08-28 20:21:34,2018-12-08 10:49:40,26.29
r000384,PYY-822,2018-08-02 2:48:43,2018-12-27 23:33:17,13.56
r000385,PYY-823,2018-09-16 16:18:5,2018-12-09 8:11:23,15.66
r000386,PYY-824,2018-07-06 10:55:48,2018-12-11 8:34:2,4.69
r000387,PYY-825,2018-09-27 14:46:3,2018-12-14 7:36:50,29.3
r000388,PYY-826,2018-02-08 11:21:20,2018-11-22 15:26:47,17.44
r000389,PYY-827,2018-05-13 6:35:43,2018-11-28 11:54:59,25.53
r000390,PYY-828,2018-02-22 5:51:41,2018-12-22 22:23:15,0.14
r000391,PYY-829,2018-04-16 21:36:53,2018-12-18 21:32:15,3.22
r000392,PYY-830,2018-05-01 6:22:31,2018-12-05 7:40:27,15.31
r000393,PYY-831,2018-07-07 22:19:53,2018-11-29 17:29:55,7.61
r000394,PYY-832,2018-10-13 7:49:48,2018-11-26 15:21:35,14.84
r000395,PYY-833,2018-09-29 0:26:15,2018-12-31 13:6:36,13.73
r000396,PYY-834,2018-10-20 3:35:53,2018-12-23 5:6:1,29.36
r000397,PYY-835,2018-06-29 3:7:24,2018-11-15 0:14:19,29.55
r000398,PYY-836,2018-09-01 0:6:37,2018-12-15 14:21:30,28.85
r000399,PYY-837,2018-10-17 1:17:54,2018-12-14 6:30:43,12.71
r000400,PYY-838,2018-04-19 17:39:42,2018-12-02 23:37:18,29.29
r000401,PYY-839,2018-01-22 4:59:53,2018-12-22 8:58:12,14.81
r000402,PYY-840,2018-04-29 13:40:44,2018-11-21 14:50:11,0.2
r000403,PYY-841,2018-09-22 19:54:39,2018-12-02 13:44:53,18.77
r000404,PYY-842,2018-02-26 5:42:25,2018-11-05 10:1:6,14.21
r000405,PYY-843,2018-02-11 2:6:16,2018-11-25 14:35:34,23.79
r000406,PYY-844,2018-02-26 0:51:39,2018-11-07 6:24:32,23.24
r000407,PYY-845,2018-07-10 21:42:18,2018-12-27 2:55:53,24.72
r000408,PYY-846,2018-09-11 23:33:39,2018-11-15 0:41:12,3.25
r000409,PYY-847,2018-08-09 22:50:56,2018-11-08 20:36:37,2.86
r000410,PYY-848,2018-04-25 8:38:26,2018-12-13 11:36:29,23.37
r000411,PYY-849,2018-04-26 11:57:40,2018-11-06 16:21:18,26.72
r000412,PYY-850,2018-01-23 11:40:49,2018-11-02 9:48:29,27.59
r000413,PYY-851,2018-03-18 12:36:47,2018-12-08 3:44:51,29.18
r000414,PYY-852,2018-08-17 18:30:2,2018-11-26 14:40:56,26.68
r000415,PYY-853,2018-06-18 13:41:47,2018-12-23 6:29:29,4.38
r000416,PYY-854,2018-08-13 10:59:28,2018-12-10 22:51:38,28.57
r000417,PYY-855,2018-01-29 7:21:42,2018-11-11 21:43:55,15.74
r000418,PYY-856,2018-08-27 11:35:26,2018-12-22 2:8:36,3.63
r000419,PYY-857,2018-10-03 14:45:51,2018-11-08 8:47:32,4.43
r000420,PYY-858,2018-06-22 19:21:57,2018-12-23 14:54:3,14.45
r000421,PYY-859,2018-08-27 21:14:18,2018-12-19 7:27:41,25.92
r000422,PYY-860,2018-06-03 1:40:31,2018-12-22 2:14:44,20.63
r000423,PYY-861,2018-09-10 9:5:15,2018-11-11 16:20:53,10.73
r000424,PYY-862,2018-01-16 15:43:11,2018-12-23 12:28:12,7.67
r000425,PYY-863,2018-08-22 10:22:35,2018-12-26 6:7:17,1.25
r000426,PYY-864,2018-10-04 23:55:23,2018-11-07 3:21:42,17.81
r000427,PYY-865,2018-03-26 22:56:5,2018-11-23 6:32:47,3.75
r000428,PYY-866,2018-10-06 11:27:7,2018-11-15 6:17:7,16.46
r000429,PYY-867,2018-06-08 13:13:27,2018-11-08 20:55:25,6.09
r000430,PYY-868,2018-05-13 4:40:57,2018-12-22 0:32:16,8.97
r000431,PYY-869,2018-07-14 1:0:9,2018-11-19 7:3:37,16.68
r000432,PYY-870,2018-05-17 1:5:42,2018-12-16 2:3:32,2.39
r000433,PYY-871,2018-06-07 3:53:16,2018-12-30 11:35:29,0.06
r000434,PYY-872,2018-10-30 9:5:13,2018-11-16 15:27:11,24.45
r000435,PYY-873,2018-08-14 8:40:10,2018-12-11 2:46:58,17.1
r000436,PYY-874,2018-06-13 18:12:42,2018-12-24 6:20:6,11.67
r000437,PYY-875,2018-07-26 19:39:38,2018-11-06 6:55:55,6.21
r000438,PYY-876,2018-05-02 10:48:5,2018-12-27 20:36:11,7.51
r000439,PYY-877,2018-07-29 1:22:45,2018-11-18 6:31:46,15.47
r000440,PYY-878,2018-07-11 15:7:8,2018-12-28 13:37:16,16.04
r000441,PYY-879,2018-01-06 21:34:27,2018-12-17 0:59:7,7.05
r000442,PYY-880,2018-04-15 8:2:12,2018-12-11 1:30:22,22.1
r000443,PYY-881,2018-04-04 12:46:58,2018-11-27 19:20:3,12.27
r000444,PYY-882,2018-09-15 4:14:0,2018-11-09 1:38:58,3.05
r000445,PYY-883,2018-10-09 13:18:54,2018-11-14 13:41:9,7.8
r000446,PYY-884,2018-02-28 15:25:23,2018-12-19 16:11:22,21.93
r000447,PYY-885,2018-04-29 14:31:31,2018-12-15 10:20:27,27.53
r000448,PYY-886,2018-10-27 6:59:8,2018-12-04 17:8:14,22.35
r000449,PYY-887,2018-09-18 13:25:51,2018-11-03 16:0:49,4.7
r000450,PYY-888,2018-05-04 16:49:39,2018-12-06 14:16:58,24.47
r000451,PYY-889,2018-01-18 4:7:32,2018-11-17 20:41:34,1.67
r000452,PYY-890,2018-02-14 2:59:9,2018-12-11 17:22:49,5.89
r000453,PYY-891,2018-04-12 14:14:10,2018-11-19 13:32:8,11.08
r000454,PYY-892,2018-04-15 4:0:50,2018-12-01 1:31:31,15.31
r000455,PYY-893,2018-08-24 23:56:40,2018-11-16 21:53:18,15.25
r000456,PYY-894,2018-02-23 4:14:19,2018-12-21 4:52:22,27.88
r000457,PYY-895,2018-03-05 21:24:17,2018-11-21 2:1:36,24.78
r000458,PYY-896,2018-09-29 8:59:14,2018-12-11 6:50:0,9.61
r000459,PYY-897,2018-09-18 10:19:33,2018-12-05 3:12:14,27.52
r000460,PYY-898,2018-01-08 14:13:18,2018-10-31 17:7:7,0.12
r000461,PYY-899,2018-01-07 11:14:55,2018-11-08 6:41:31,6.23
r000462,PYY-900,2018-09-21 0:18:45,2018-11-09 16:39:20,13.06
r000463,PYY-901,2018-08-04 16:25:22,2018-12-17 21:32:40,25.61
r000464,PYY-902,2018-08-05 3:58:15,2018-11-29 23:5:26,26.55
r000465,PYY-903,2018-02-18 11:56:7,2018-12-29 17:46:8,3.23
r000466,PYY-904,2018-08-27 17:9:28,2018-12-30 8:12:57,17.75
r000467,PYY-905,2018-03-27 5:3:5,2018-12-06 5:41:43,9.54
r000468,PYY-906,2018-09-23 15:50:43,2018-11-04 2:45:30,29.5
r000469,PYY-907,2018-01-07 0:7:0,2018-12-22 14:50:36,4.78
r000470,PYY-908,2018-03-15 15:23:5,2018-11-03 14:11:25,22.79
r000471,PYY-909,2018-06-20 1:6:49,2018-12-06 3:16:47,28.93
r000472,PYY-910,2018-06-01 23:46:2,2018-11-27 22:39:5,28.3
r000473,PYY-911,2018-09-03 5:7:25,2018-12-10 3:41:41,21.9
r000474,PYY-912,2018-06-12 9:9:16,2018-12-20 4:23:58,28.29
r000475,PYY-913,2018-04-05 9:51:56,2018-11-25 3:41:12,16.06
r000476,PYY-914,2018-09-13 11:27:5,2018-11-07 22:30:26,16.54
r000477,PYY-915,2018-01-30 4:57:53,2018-11-25 11:40:37,7.56
r000478,PYY-916,2018-08-22 2:26:22,2018-12-28 10:5:2,9.55
r000479,PYY-917,2018-03-25 21:43:53,2018-11-01 12:24:15,1.75
r000480,PYY-918,2018-08-05 9:13:1,2018-12-04 12:49:36,22.8
r000481,PYY-919,2018-07-30 5:38:5,2018-12-03 7:5:29,10.54
r000482,PYY-920,2018-04-29 9:30:17,2018-11-04 22:25:10,12.19
r000483,PYY-921,2018-03-13 16:22:16,2018-12-02 9:49:37,5.34
r000484,PYY-922,2018-01-01 16:54:3,2018-12-25 17:13:2,29.59
r000485,PYY-923,2018-05-23 10:11:31,2018-11-05 8:39:50,1.75
r000486,PYY-924,2018-01-22 5:30:53,2018-12-02 11:23:18,22.08
r000487,PYY-925,2018-02-12 14:42:54,2018-12-21 11:37:56,7.52
r000488,PYY-926,2018-02-04 10:48:13,2018-11-13 2:37:24,8.32
r000489,PYY-927,2018-04-18 6:29:33,2018-11-14 17:33:3,17.07
r000490,PYY-928,2018-03-02 20:45:37,2018-11-05 2:13:25,15.58
r000491,PYY-929,2018-01-16 18:39:5,2018-12-19 11:7:24,15.93
r000492,PYY-930,2018-01-23 10:29:56,2018-12-06 4:42:10,25.95
r000493,PYY-931,2018-02-08 8:43:1,2018-11-06 20:22:38,2.08
r000494,PYY-932,2018-06-23 0:54:27,2018-11-11 0:42:40,28.41
r000495,PYY-933,2018-02-13 23:57:49,2018-12-16 10:43:38,10.49
r000496,PYY-934,2018-07-07 22:20:7,2018-12-07 3:54:42,21.86
r000497,PYY-935,2018-01-31 10:5:56,2018-11-10 15:25:50,14.76
r000498,PYY-936,2018-09-20 2:3:44,2018-12-12 1:1:13,21.91
r000499,PYY-937,2018-05-24 2:28:55,2018-11-03 18:57:45,26.63
r000500,PYY-938,2018-08-31 23:21:48,2018-12-22 5:31:56,3.1
r000501,PYY-939,2018-01-08 14:39:6,2018-11-30 20:25:28,9.39
r000502,PYY-940,2018-04-17 21:42:14,2018-11-24 13:46:53,16.54
r000503,PYY-941,2018-03-28 22:50:45,2018-11-25 9:55:22,20.17
r000504,PYY-942,2018-10-27 9:36:52,2018-12-08 4:1:57,13.23
r000505,PYY-943,2018-03-29 3:35:44,2018-11-26 21:12:23,25.11
r000506,PYY-944,2018-06-20 13:8:55,2018-12-09 18:20:3,15.72
r000507,PYY-945,2018-08-26 13:47:3,2018-12-02 10:23:21,25.88
r000508,PYY-946,2018-07-26 18:40:18,2018-11-13 5:53:14,1.83
r000509,PYY-947,2018-08-16 14:8:31,2018-12-17 20:22:25,10.95
r000510,PYY-948,2018-10-15 12:3:3,2018-11-20 19:47:48,12.57
r000511,PYY-949,2018-08-01 5:12:37,2018-11-19 23:29:24,5.76
r000512,PYY-950,2018-05-14 8:43:45,2018-12-08 3:22:10,20.79
r000513,PYY-951,2018-05-18 10:11:31,2018-12-19 17:11:10,19.46
r000514,PYY-952,2018-07-29 13:48:47,2018-12-14 7:3:17,14.35
r000515,PYY-953,2018-09-16 4:55:45,2018-12-13 12:46:49,4.54
r000516,PYY-954,2018-05-21 11:50:14,2018-12-18 14:41:56,21.32
r000517,PYY-955,2018-05-01 14:3:47,2018-11-29 10:22:46,26.43
r000518,PYY-956,2018-04-10 23:46:52,2018-11-07 16:5:2,16.8
r000519,PYY-957,2018-02-23 10:43:52,2018-12-13 4:2:55,11.92
r000520,PYY-958,2018-05-14 6:45:31,2018-11-06 20:18:44,16.51
r000521,PYY-959,2018-03-28 22:33:15,2018-11-02 22:11:22,13.43
r000522,PYY-960,2018-10-20 15:28:13,2018-12-01 13:37:38,7.65
r000523,PYY-961,2018-02-13 0:56:59,2018-12-04 10:42:0,28.88
r000524,PYY-962,2018-02-18 17:27:2,2018-11-27 19:55:4,3.22
r000525,PYY-963,2018-01-21 0:15:47,2018-12-18 15:40:10,4.96
r000526,PYY-964,2018-02-22 16:41:51,2018-11-07 21:58:46,17.33
r000527,PYY-965,2018-04-14 16:43:56,2018-11-15 21:5:12,22.18
r000528,PYY-966,2018-06-24 13:2:49,2018-11-05 23:4:25,0.1
r000529,PYY-967,2018-02-28 22:59:17,2018-11-12 12:46:9,17.34
r000530,PYY-968,2018-10-08 16:41:2,2018-11-25 8:40:0,18.95
r000531,PYY-969,2018-05-14 2:31:21,2018-12-12 17:32:0,11.33
r000532,PYY-970,2018-05-09 21:4:50,2018-12-31 9:50:51,20.49
r000533,PYY-971,2018-10-11 6:8:2,2018-11-30 3:25:3,10.97
r000534,PYY-972,2018-10-01 20:31:30,2018-12-03 8:9:2,28.51
r000535,PYY-973,2018-08-09 1:54:21,2018-12-18 7:6:32,5.58
r000536,PYY-974,2018-06-29 5:57:7,2018-11-20 13:34:49,29.1
r000537,PYY-975,2018-09-30 12:57:59,2018-11-03 4:44:56,3.43
r000538,PYY-976,2018-07-03 10:1:54,2018-12-06 16:11:59,6.18
r000539,PYY-977,2018-01-15 10:28:56,2018-12-15 8:39:27,28.79
r000540,PYY-978,2018-06-22 13:19:13,2018-11-02 20:54:57,27.13
r000541,PYY-979,2018-05-17 11:52:28,2018-12-08 15:37:8,22.17
r000542,PYY-980,2018-10-09 3:49:6,2018-12-18 23:12:3,14.26
r000543,PYY-981,2018-10-29 19:19:52,2018-12-27 21:31:30,7.55
r000544,PYY-982,2018-04-30 13:22:37,2018-11-24 19:4:2,4.35
r000545,PYY-983,2018-09-25 17:59:32,2018-12-23 23:18:2,22.92
r000546,PYY-984,2018-09-26 10:45:10,2018-11-13 17:40:35,25.03
r000547,PYY-985,2018-04-13 1:53:37,2018-12-06 12:10:18,4.89
r000548,PYY-986,2018-10-15 7:35:31,2018-11-10 20:12:5,6.29
r000549,PYY-987,2018-04-29 2:22:38,2018-12-21 22:40:31,2.56
r000550,PYY-988,2018-05-21 21:11:12,2018-12-22 9:51:17,13.77
r000551,PYY-989,2018-03-12 19:21:54,2018-12-30 7:13:34,20.07
r000552,PYY-990,2018-03-01 1:30:19,2018-12-25 23:11:59,24.19
r000553,PYY-991,2018-02-20 10:30:44,2018-12-03 14:44:27,13.45
r000554,PYY-992,2018-09-02 20:27:13,2018-11-13 4:14:31,28.2
r000555,PYY-993,2018-07-30 22:45:3,2018-11-29 12:16:22,0.08
r000556,PYY-994,2018-02-26 4:16:16,2018-12-18 19:9:33,2.95
r000557,PYY-995,2018-08-24 17:33:53,2018-12-15 21:2:25,21.41
r000558,PYY-996,2018-07-07 1:55:46,2018-12-03 16:19:25,28.98
r000559,PYY-997,2018-09-08 5:43:50,2018-12-18 10:56:48,19.93
r000560,PYY-998,2018-01-02 3:46:4,2018-11-06 1:17:8,7.19
r000561,PYY-999,2018-09-01 8:58:7,2018-11-16 14:0:40,18.55
r000562,RJW-102,2018-09-05 18:20:44,2018-11-03 7:10:7,5.6
r000563,RJW-103,2018-05-11 21:25:42,2018-12-29 15:26:51,26.34
r000564,RJW-104,2018-08-20 20:24:38,2018-11-23 6:5:53,27.6
r000565,RJW-105,2018-09-29 7:51:20,2018-11-26 1:49:44,13.47
r000566,RJW-106,2018-05-05 19:44:29,2018-11-06 22:31:54,14.07
r000567,RJW-107,2018-10-28 0:47:55,2018-12-29 19:9:36,17.93
r000568,RJW-108,2018-08-18 2:19:51,2018-11-23 3:31:45,10.65
r000569,RJW-109,2018-01-16 5:3:45,2018-11-11 18:57:53,29.03
r000570,RJW-110,2018-03-03 1:35:43,2018-12-23 19:7:29,7.53
r000571,RJW-111,2018-05-05 13:39:5,2018-12-19 9:34:49,20.14
r000572,RJW-112,2018-05-18 5:8:1,2018-12-12 22:26:8,15.69
r000573,RJW-113,2018-03-01 2:4:41,2018-12-23 19:17:39,10.19
r000574,RJW-114,2018-02-18 6:10:33,2018-12-09 11:17:22,6.04
r000575,RJW-115,2018-08-31 0:18:54,2018-12-11 13:28:19,4.68
r000576,RJW-116,2018-08-03 15:38:46,2018-11-27 12:59:40,9.8
r000577,RJW-117,2018-07-15 1:17:28,2018-12-12 0:29:24,23.99
r000578,RJW-118,2018-02-15 10:17:54,2018-11-10 20:24:59,4.77
r000579,RJW-119,2018-10-20 15:8:26,2018-11-30 5:29:51,13.32
r000580,RJW-120,2018-03-10 14:17:19,2018-12-02 20:21:27,20.84
r000581,RJW-121,2018-03-10 16:46:32,2018-12-14 16:5:20,23.22
r000582,RJW-122,2018-07-31 0:26:2,2018-12-06 2:9:56,1.22
r000583,RJW-123,2018-07-09 9:44:43,2018-11-11 2:9:38,21.81
r000584,RJW-124,2018-05-19 1:56:4,2018-12-07 1:56:17,27.61
r000585,RJW-125,2018-07-14 23:9:24,2018-12-09 11:58:4,23.99
r000586,RJW-126,2018-04-09 18:55:7,2018-11-14 2:41:23,17.69
r000587,RJW-127,2018-05-14 20:37:58,2018-12-17 17:53:28,7.86
r000588,RJW-128,2018-05-27 14:48:37,2018-11-11 10:24:35,14.38
r000589,RJW-129,2018-09-10 15:48:10,2018-12-22 5:43:32,12.88
r000590,RJW-130,2018-09-06 17:50:51,2018-12-17 4:33:40,25.07
r000591,RJW-131,2018-09-08 12:58:33,2018-11-17 13:27:59,20.51
r000592,RJW-132,2018-04-08 5:53:50,2018-11-04 11:39:21,13.88
r000593,RJW-133,2018-01-26 10:31:26,2018-11-05 21:41:44,11.02
r000594,RJW-134,2018-07-15 13:29:51,2018-11-13 23:27:55,28.61
r000595,RJW-135,2018-06-15 22:6:44,2018-11-02 12:34:56,22.2
r000596,RJW-136,2018-05-30 13:59:32,2018-12-21 7:16:49,25.56
r000597,RJW-137,2018-05-29 3:7:24,2018-11-04 11:32:55,13.82
r000598,RJW-138,2018-05-25 7:22:18,2018-11-03 1:26:59,25.61
r000599,RJW-139,2018-01-13 12:34:58,2018-12-08 10:49:39,1
r000600,RJW-140,2018-03-10 10:51:43,2018-12-02 22:9:30,19.28
r000601,RJW-141,2018-01-07 1:55:52,2018-11-19 17:43:38,11.12
r000602,RJW-142,2018-07-16 12:19:9,2018-11-14 9:11:13,10.8
r000603,RJW-143,2018-10-04 7:7:2,2018-12-02 2:18:59,8.9
r000604,RJW-144,2018-06-24 16:28:39,2018-11-17 22:54:33,24.43
r000605,RJW-145,2018-09-30 1:5:3,2018-11-09 12:57:49,9.97
r000606,RJW-146,2018-02-08 11:56:17,2018-11-03 19:7:20,3.51
r000607,RJW-147,2018-02-18 14:41:24,2018-11-17 0:47:26,21.98
r000608,RJW-148,2018-05-01 15:41:17,2018-11-21 15:58:38,5.75
r000609,RJW-149,2018-08-01 1:27:33,2018-12-20 11:20:28,28.2
r000610,RJW-150,2018-04-14 20:4:59,2018-11-05 7:52:26,26.33
r000611,RJW-151,2018-05-11 15:38:37,2018-11-23 17:11:34,17.73
r000612,RJW-152,2018-01-18 14:17:29,2018-12-20 6:40:58,3.77
r000613,RJW-153,2018-10-04 1:8:58,2018-11-08 22:58:37,2.93
r000614,RJW-154,2018-02-21 20:55:1,2018-11-19 7:13:36,26.44
r000615,RJW-155,2018-06-14 20:50:52,2018-12-06 10:12:27,7.02
r000616,RJW-156,2018-06-28 8:19:47,2018-12-02 4:0:1,7.54
r000617,RJW-157,2018-06-06 18:36:16,2018-12-12 19:41:40,29.03
r000618,RJW-158,2018-04-03 2:25:58,2018-11-04 17:6:24,3.02
r000619,RJW-159,2018-04-30 20:2:45,2018-11-10 4:56:45,26.93
r000620,RJW-160,2018-04-19 6:36:45,2018-10-31 23:35:1,0.64
r000621,RJW-161,2018-02-11 7:41:2,2018-12-18 1:45:2,2.87
r000622,RJW-162,2018-03-16 23:24:52,2018-11-14 1:53:16,16.77
r000623,RJW-163,2018-10-06 16:53:35,2018-12-07 8:6:12,3.35
r000624,RJW-164,2018-07-25 11:33:5,2018-12-13 13:9:7,26.3
r000625,RJW-165,2018-06-26 9:32:2,2018-12-26 12:10:23,9.1
r000626,RJW-166,2018-09-13 21:36:2,2018-12-16 0:39:54,14.26
r000627,RJW-167,2018-09-23 0:11:24,2018-11-20 4:44:20,29.94
r000628,RJW-168,2018-06-16 22:57:40,2018-11-18 14:46:59,15.37
r000629,RJW-169,2018-09-02 21:31:11,2018-12-27 11:5:59,13.54
r000630,RJW-170,2018-02-15 20:46:54,2018-12-07 22:12:4,22.95
r000631,RJW-171,2018-07-23 23:47:7,2018-11-15 14:27:10,21.72
r000632,RJW-172,2018-06-25 11:43:49,2018-12-25 22:23:32,4.18
r000633,RJW-173,2018-02-20 1:31:38,2018-12-22 0:51:22,3.79
r000634,RJW-174,2018-09-07 3:1:32,2018-12-27 0:14:32,14.24
r000635,RJW-175,2018-07-01 14:5:8,2018-11-14 3:51:23,4.92
r000636,RJW-176,2018-03-21 1:45:55,2018-11-04 3:52:7,18.24
r000637,RJW-177,2018-10-12 20:53:43,2018-11-15 18:47:40,17.94
r000638,RJW-178,2018-05-07 2:31:6,2018-12-20 5:6:8,7.02
r000639,RJW-179,2018-10-07 18:49:7,2018-12-26 21:48:23,5.81
r000640,RJW-180,2018-02-08 11:26:42,2018-12-28 16:51:10,24.49
r000641,RJW-181,2018-07-12 10:32:12,2018-11-22 10:17:24,27.88
r000642,RJW-182,2018-04-05 12:41:11,2018-11-01 12:3:30,16.76
r000643,RJW-183,2018-07-25 1:24:46,2018-12-21 11:28:18,16.91
r000644,RJW-184,2018-02-28 22:25:47,2018-11-05 5:21:35,17.57
r000645,RJW-185,2018-09-05 11:44:40,2018-11-19 23:0:6,14.08
r000646,RJW-186,2018-07-01 13:4:45,2018-11-20 15:23:8,27.54
r000647,RJW-187,2018-02-01 18:38:51,2018-12-09 18:31:6,14.48
r000648,RJW-188,2018-04-26 2:48:47,2018-12-17 2:17:1,22.53
r000649,RJW-189,2018-07-24 11:3:7,2018-11-10 17:7:5,1.76
r000650,RJW-190,2018-05-10 11:55:17,2018-12-24 8:20:19,2.96
r000651,RJW-191,2018-05-05 0:48:12,2018-12-30 22:45:48,19.15
r000652,RJW-192,2018-10-07 4:36:15,2018-11-23 23:58:3,13.25
r000653,RJW-193,2018-05-08 1:35:22,2018-12-22 2:52:28,11.95
r000654,RJW-194,2018-07-01 13:13:38,2018-12-28 16:33:1,1.03
r000655,RJW-195,2018-01-22 23:27:53,2018-12-03 7:35:36,1.88
r000656,RJW-196,2018-01-27 16:15:26,2018-12-04 23:42:28,16.92
r000657,RJW-197,2018-01-06 5:0:11,2018-12-27 4:49:5,0.06
r000658,RJW-198,2018-06-06 16:35:56,2018-11-03 10:10:48,13.74
r000659,RJW-199,2018-06-07 18:8:36,2018-11-01 5:32:58,13.44
r000660,RJW-200,2018-08-06 23:28:9,2018-12-05 19:49:1,16.85
r000661,RJW-201,2018-04-01 5:49:45,2018-12-20 4:50:14,12.84
r000662,RJW-202,2018-09-16 2:4:33,2018-11-25 3:43:32,18.88
r000663,RJW-203,2018-05-19 13:43:9,2018-11-09 11:1:22,6.42
r000664,RJW-204,2018-07-14 8:43:52,2018-11-26 5:5:22,26.31
r000665,RJW-205,2018-05-21 2:6:33,2018-11-22 15:24:51,3.59
r000666,RJW-206,2018-03-31 2:10:50,2018-11-27 17:50:36,15.27
r000667,RJW-207,2018-09-20 7:26:44,2018-12-10 5:51:48,9.3
r000668,RJW-208,2018-10-03 23:44:54,2018-12-26 21:38:2,0.06
r000669,RJW-209,2018-03-18 14:9:25,2018-12-10 14:41:27,27.84
r000670,RJW-210,2018-10-25 3:23:19,2018-11-08 8:40:38,12.47
r000671,RJW-211,2018-07-04 18:31:50,2018-11-06 2:51:42,19.92
r000672,RJW-212,2018-03-29 8:57:44,2018-12-25 16:23:47,20.37
r000673,RJW-213,2018-10-24 11:44:25,2018-12-16 15:7:5,5.13
r000674,RJW-214,2018-01-28 8:50:32,2018-11-09 16:26:12,16.78
r000675,RJW-215,2018-04-11 9:12:38,2018-11-11 18:45:2,6.46
r000676,RJW-216,2018-09-13 12:51:8,2018-11-03 12:10:3,6.89
r000677,RJW-217,2018-04-10 12:40:3,2018-12-08 5:19:22,3.46
r000678,RJW-218,2018-06-13 16:40:32,2018-12-05 2:58:49,16.35
r000679,RJW-219,2018-01-29 3:19:59,2018-12-26 2:50:25,13.6
r000680,RJW-220,2018-02-10 11:2:6,2018-11-21 18:54:21,23.37
r000681,RJW-221,2018-04-27 14:56:26,2018-12-01 23:42:37,4.05
r000682,RJW-222,2018-07-22 2:36:57,2018-11-17 16:13:11,9.73
r000683,RJW-223,2018-02-08 13:22:21,2018-11-17 22:3:49,7.95
r000684,RJW-224,2018-01-03 19:27:36,2018-11-28 13:32:2,20.69
r000685,RJW-225,2018-02-07 21:23:32,2018-11-27 17:33:17,18.11
r000686,RJW-226,2018-03-29 10:28:50,2018-12-31 14:55:25,23.31
r000687,RJW-227,2018-04-14 6:54:19,2018-11-18 1:28:56,23.02
r000688,RJW-228,2018-08-13 3:10:53,2018-11-08 15:34:51,19.14
r000689,RJW-229,2018-03-05 21:49:39,2018-11-05 21:39:54,2.28
r000690,RJW-230,2018-10-28 21:47:32,2018-12-27 2:49:32,13.04
r000691,RJW-231,2018-01-17 2:6:8,2018-12-08 1:19:24,29.64
r000692,RJW-232,2018-08-01 17:52:24,2018-12-19 2:14:7,26.25
r000693,RJW-233,2018-07-08 2:43:40,2018-11-14 13:15:25,15.11
r000694,RJW-234,2018-05-22 17:33:15,2018-11-20 18:6:1,21.3
r000695,RJW-235,2018-06-28 2:3:38,2018-12-24 9:9:19,28.1
r000696,RJW-236,2018-04-30 21:29:17,2018-12-01 20:44:3,9.2
r000697,RJW-237,2018-10-25 7:50:38,2018-12-14 8:57:27,10.62
r000698,RJW-238,2018-01-18 16:15:38,2018-11-07 14:47:52,22.93
r000699,RJW-239,2018-07-13 21:44:13,2018-12-01 2:44:54,9.9
r000700,RJW-240,2018-01-26 21:21:26,2018-12-09 21:5:43,12.96
r000701,RJW-241,2018-04-15 6:25:27,2018-11-06 18:28:56,15.26
r000702,RJW-242,2018-03-05 22:18:23,2018-11-02 7:34:26,5.82
r000703,RJW-243,2018-02-08 2:1:15,2018-11-06 8:40:31,29.23
r000704,RJW-244,2018-09-24 2:42:31,2018-11-09 22:8:12,20.23
r000705,RJW-245,2018-08-24 6:31:26,2018-11-17 3:31:43,17.2
r000706,RJW-246,2018-01-16 7:28:29,2018-12-27 17:24:54,8.86
r000707,RJW-247,2018-08-15 9:6:37,2018-12-04 17:13:37,15.79
r000708,RJW-248,2018-09-30 6:5:32,2018-11-04 11:32:0,3.19
r000709,RJW-249,2018-03-22 16:58:3,2018-11-05 15:37:23,29.06
r000710,RJW-250,2018-05-18 22:12:22,2018-12-28 9:10:22,5.94
r000711,RJW-251,2018-08-25 5:4:4,2018-11-10 17:31:5,2.96
r000712,RJW-252,2018-02-07 1:12:28,2018-11-29 19:59:32,9.9
r000713,RJW-253,2018-04-30 19:58:13,2018-11-15 12:22:54,26.09
r000714,RJW-254,2018-08-15 2:31:19,2018-12-21 7:13:25,5.72
r000715,RJW-255,2018-07-29 9:6:9,2018-11-12 19:22:3,16.46
r000716,RJW-256,2018-02-19 0:52:49,2018-12-27 16:8:46,13.75
r000717,RJW-257,2018-10-24 12:55:7,2018-11-18 17:22:42,0.82
r000718,RJW-258,2018-07-01 16:48:15,2018-11-11 21:18:2,16.19
r000719,RJW-259,2018-06-24 19:41:3,2018-12-29 9:59:9,8.47
r000720,RJW-260,2018-04-17 6:48:7,2018-11-21 5:0:48,21.6
r000721,RJW-261,2018-01-26 21:1:27,2018-12-24 19:35:28,4.28
r000722,RJW-262,2018-04-14 0:17:27,2018-11-24 13:14:27,25.12
r000723,RJW-263,2018-10-24 6:40:39,2018-12-05 8:17:44,19.38
r000724,RJW-264,2018-09-16 21:36:22,2018-12-10 16:21:16,6.24
r000725,RJW-265,2018-05-03 11:45:35,2018-11-27 10:22:56,0.5
r000726,RJW-266,2018-01-16 14:24:33,2018-12-02 23:31:9,5.45
r000727,RJW-267,2018-09-21 13:30:16,2018-11-22 0:53:35,22.15
r000728,RJW-268,2018-01-26 23:1:0,2018-11-13 10:46:28,0.99
r000729,RJW-269,2018-06-18 12:41:15,2018-11-07 9:5:32,18.45
r000730,RJW-270,2018-01-18 2:16:17,2018-11-22 2:14:18,0.03
r000731,RJW-271,2018-04-23 12:59:7,2018-12-09 7:44:38,23.23
r000732,RJW-272,2018-10-02 17:7:24,2018-12-12 3:34:25,17.72
r000733,RJW-273,2018-04-15 7:51:15,2018-12-29 18:25:28,29.98
r000734,RJW-274,2018-02-16 13:17:11,2018-12-17 15:18:23,10.04
r000735,RJW-275,2018-10-09 3:16:28,2018-12-25 5:33:50,10.68
r000736,RJW-276,2018-06-12 19:27:55,2018-11-09 4:2:47,12.07
r000737,RJW-277,2018-06-17 20:10:16,2018-11-27 13:25:37,26.07
r000738,RJW-278,2018-02-05 16:23:28,2018-11-27 18:13:51,27.54
r000739,RJW-279,2018-06-11 23:55:43,2018-11-13 18:37:40,11.57
r000740,RJW-280,2018-08-27 0:15:36,2018-11-09 18:21:9,15.95
r000741,RJW-281,2018-06-03 7:22:13,2018-12-19 21:57:25,29.22
r000742,RJW-282,2018-01-09 5:23:30,2018-12-06 7:48:3,28.08
r000743,RJW-283,2018-07-20 9:35:22,2018-11-01 4:18:33,10.52
r000744,RJW-284,2018-04-18 13:10:27,2018-12-06 21:28:34,24.53
r000745,RJW-285,2018-09-21 11:48:50,2018-11-16 21:16:13,28.21
r000746,RJW-286,2018-07-16 7:30:5,2018-11-26 14:4:21,19.35
r000747,RJW-287,2018-07-22 17:32:0,2018-11-26 5:42:58,27.52
r000748,RJW-288,2018-01-04 9:2:53,2018-12-08 15:32:2,22.09
r000749,RJW-289,2018-04-15 7:3:40,2018-12-14 22:7:43,1.97
r000750,RJW-290,2018-01-16 14:5:13,2018-12-07 21:29:55,11.61
r000751,RJW-291,2018-08-10 5:17:7,2018-12-29 5:43:57,2.12
r000752,RJW-292,2018-05-25 10:40:23,2018-11-10 0:32:44,20.49
r000753,RJW-293,2018-10-15 19:54:26,2018-12-25 0:53:52,15.25
r000754,RJW-294,2018-02-26 1:1:43,2018-11-25 5:31:28,15.77
r000755,RJW-295,2018-07-04 1:33:2,2018-12-27 6:45:1,20.07
r000756,RJW-296,2018-01-10 23:54:41,2018-11-02 3:0:57,4.67
r000757,RJW-297,2018-08-17 8:26:13,2018-11-29 2:21:17,9.49
r000758,RJW-298,2018-03-27 23:5:54,2018-12-29 15:53:22,19.72
r000759,RJW-299,2018-05-22 3:43:18,2018-12-19 23:39:50,6.22
r000760,RJW-300,2018-01-20 17:36:4,2018-12-03 10:55:7,17.02
r000761,RJW-301,2018-07-30 22:35:50,2018-11-12 18:59:45,23.25
r000762,RJW-302,2018-03-15 21:33:13,2018-12-13 18:25:8,21.27
r000763,RJW-303,2018-02-16 11:56:42,2018-12-04 13:46:30,0.74
r000764,RJW-304,2018-03-10 0:31:14,2018-12-02 18:33:27,0.97
r000765,RJW-305,2018-03-26 14:54:3,2018-11-28 16:49:45,26.91
r000766,RJW-306,2018-07-11 13:57:40,2018-12-22 19:34:24,0.9
r000767,RJW-307,2018-02-05 20:24:44,2018-11-29 22:40:3,19.61
r000768,RJW-308,2018-06-21 18:11:18,2018-11-12 15:24:8,13.03
r000769,RJW-309,2018-02-17 17:1:9,2018-12-23 2:54:9,24.63
r000770,RJW-310,2018-07-20 7:50:25,2018-12-16 13:29:43,18.35
r000771,RJW-311,2018-02-25 22:52:58,2018-11-29 3:25:56,21.32
r000772,RJW-312,2018-08-26 19:12:14,2018-12-14 16:12:36,0.61
r000773,RJW-313,2018-08-02 16:42:14,2018-11-30 22:3:1,3.82
r000774,RJW-314,2018-08-03 15:29:3,2018-12-16 19:28:33,9.72
r000775,RJW-315,2018-05-02 9:48:5,2018-12-05 22:0:35,26.98
r000776,RJW-316,2018-03-31 20:22:28,2018-12-29 8:10:33,0.45
r000777,RJW-317,2018-01-19 10:47:13,2018-12-18 10:35:35,19.94
r000778,RJW-318,2018-07-14 1:53:49,2018-11-12 14:39:52,17.6
r000779,RJW-319,2018-10-12 23:3:29,2018-11-30 7:22:46,9.39
r000780,RJW-320,2018-08-21 1:47:37,2018-12-24 16:18:17,5.91
r000781,RJW-321,2018-04-12 9:20:50,2018-11-19 20:11:51,13.22
r000782,RJW-322,2018-01-29 8:36:27,2018-11-10 15:43:55,12.97
r000783,RJW-323,2018-03-07 7:11:10,2018-12-26 10:49:24,6.56
r000784,RJW-324,2018-02-05 2:25:33,2018-12-14 21:31:58,25.07
r000785,RJW-325,2018-07-28 19:57:45,2018-11-03 5:36:19,28.1
r000786,RJW-326,2018-01-07 16:9:22,2018-12-20 18:27:21,29.72
r000787,RJW-327,2018-01-21 12:15:57,2018-12-01 14:31:55,12.26
r000788,RJW-328,2018-07-27 8:26:50,2018-12-19 0:0:41,2.21
r000789,RJW-329,2018-07-29 8:15:34,2018-11-10 17:47:0,6.91
r000790,RJW-330,2018-06-26 15:48:52,2018-12-22 5:9:32,29.1
r000791,RJW-331,2018-01-26 4:46:44,2018-11-28 5:34:38,12.49
r000792,RJW-332,2018-09-12 18:36:16,2018-12-11 9:6:36,3.48
r000793,RJW-333,2018-02-22 16:53:28,2018-11-24 15:32:17,24.9
r000794,RJW-334,2018-05-08 15:43:3,2018-11-12 20:41:29,24.19
r000795,RJW-335,2018-05-15 20:42:15,2018-12-29 11:54:9,8.73
r000796,RJW-336,2018-09-08 12:43:33,2018-12-27 4:13:22,7.97
r000797,RJW-337,2018-04-03 17:35:24,2018-12-24 21:8:53,3.79
r000798,RJW-338,2018-10-14 11:39:3,2018-11-11 23:57:30,17.75
r000799,RJW-339,2018-02-13 5:26:10,2018-11-24 20:45:42,17.83
r000800,RJW-340,2018-07-01 21:45:20,2018-11-25 8:7:38,5.32
r000801,RJW-341,2018-04-03 11:3:39,2018-11-11 8:34:44,21.04
r000802,RJW-342,2018-10-06 18:28:26,2018-12-23 6:51:44,14.31
r000803,RJW-343,2018-09-25 15:16:13,2018-12-05 2:56:55,4.09
r000804,RJW-344,2018-07-08 3:52:31,2018-11-23 17:30:25,2.74
r000805,RJW-345,2018-02-15 14:41:6,2018-11-08 12:46:15,11.74
r000806,RJW-346,2018-10-27 19:41:10,2018-12-25 0:4:9,25.18
r000807,RJW-347,2018-04-04 22:12:42,2018-12-19 3:1:13,5.36
r000808,RJW-348,2018-10-03 14:41:51,2018-11-28 14:36:16,26.34
r000809,RJW-349,2018-05-01 6:29:49,2018-12-06 3:46:5,21.24
r000810,RJW-350,2018-01-24 12:30:14,2018-11-13 8:37:30,2.93
r000811,RJW-351,2018-07-14 3:44:31,2018-11-23 9:20:27,1.46
r000812,RJW-352,2018-03-11 17:22:5,2018-12-09 3:26:48,29.89
r000813,RJW-353,2018-08-11 8:57:23,2018-11-19 7:39:43,22.79
r000814,RJW-354,2018-06-26 22:50:8,2018-12-19 1:27:43,13.84
r000815,RJW-355,2018-04-07 21:34:57,2018-11-11 16:9:8,27.4
r000816,RJW-356,2018-01-25 20:18:26,2018-12-10 4:26:27,19.17
r000817,RJW-357,2018-10-29 15:38:51,2018-12-17 7:16:52,4.56
r000818,RJW-358,2018-07-30 1:17:23,2018-11-29 6:57:14,23.67
r000819,RJW-359,2018-08-27 12:29:25,2018-12-26 7:46:4,17.06
r000820,RJW-360,2018-08-16 14:58:12,2018-12-08 15:36:8,19.81
r000821,RJW-361,2018-03-19 16:19:8,2018-12-09 15:38:5,29.26
r000822,RJW-362,2018-01-04 22:18:37,2018-11-14 22:48:30,18.11
r000823,RJW-363,2018-03-20 18:48:45,2018-12-25 4:1:19,9.78
r000824,RJW-364,2018-10-25 2:36:4,2018-12-13 20:45:37,11.18
r000825,RJW-365,2018-05-14 10:44:5,2018-12-30 20:2:47,24.83
r000826,RJW-366,2018-02-05 6:6:44,2018-11-30 7:33:38,22.96
r000827,RJW-367,2018-06-14 17:6:7,2018-11-04 10:1:37,0.5
r000828,RJW-368,2018-03-11 4:11:34,2018-11-30 14:25:19,9.81
r000829,RJW-369,2018-07-10 18:27:17,2018-11-24 11:46:30,0.9
r000830,RJW-370,2018-07-19 0:46:28,2018-11-26 17:47:26,6.24
r000831,RJW-371,2018-03-09 18:57:5,2018-12-21 19:37:10,9.8
r000832,RJW-372,2018-06-25 0:5:57,2018-11-30 12:37:50,22.73
r000833,RJW-373,2018-06-07 1:11:32,2018-12-18 7:13:59,22.81
r000834,RJW-374,2018-07-16 4:17:40,2018-12-27 9:9:4,12.14
r000835,RJW-375,2018-05-23 12:11:36,2018-12-04 17:24:4,13.29
r000836,RJW-376,2018-02-14 12:21:34,2018-12-02 0:50:17,25.2
r000837,RJW-377,2018-02-22 11:4:50,2018-12-26 16:11:48,24.19
r000838,RJW-378,2018-08-09 0:31:30,2018-12-23 10:16:22,18.3
r000839,RJW-379,2018-01-04 14:58:23,2018-11-26 7:24:17,22.54
r000840,RJW-380,2018-01-17 5:4:43,2018-12-22 12:40:41,7.79
r000841,RJW-381,2018-02-07 7:56:31,2018-11-20 23:10:30,27.7
r000842,RJW-382,2018-10-03 5:27:46,2018-12-16 0:7:59,8.14
r000843,RJW-383,2018-10-27 21:51:53,2018-11-07 8:48:14,11.81
r000844,RJW-384,2018-06-16 12:4:9,2018-12-09 12:38:47,27.65
r000845,RJW-385,2018-03-15 19:52:6,2018-11-12 21:7:8,8.52
r000846,RJW-386,2018-06-11 18:52:12,2018-11-28 2:7:48,17.95
r000847,RJW-387,2018-01-21 11:39:3,2018-12-07 20:34:5,2.98
r000848,RJW-388,2018-09-06 19:35:54,2018-12-09 6:39:59,11.87
r000849,RJW-389,2018-02-16 23:22:22,2018-11-10 18:3:41,7.04
r000850,RJW-390,2018-02-12 8:51:5,2018-12-15 20:59:43,8.46
r000851,RJW-391,2018-06-18 6:2:16,2018-12-31 3:50:2,15.83
r000852,RJW-392,2018-05-06 8:51:10,2018-12-25 1:56:36,9.65
r000853,RJW-393,2018-01-08 8:57:26,2018-12-12 7:37:32,3.04
r000854,RJW-394,2018-04-06 18:9:30,2018-11-09 6:35:47,4.27
r000855,RJW-395,2018-03-02 22:46:16,2018-11-07 18:1:11,8.46
r000856,RJW-396,2018-01-17 20:18:28,2018-11-25 6:8:8,10.05
r000857,RJW-397,2018-05-16 4:26:1,2018-11-07 4:55:57,3.18
r000858,RJW-398,2018-03-14 13:21:0,2018-11-25 17:15:40,15.56
r000859,RJW-399,2018-04-30 13:16:3,2018-11-23 23:38:26,25.83
r000860,RJW-400,2018-04-27 5:47:8,2018-11-18 2:28:29,18.15
r000861,RJW-401,2018-01-01 22:33:14,2018-11-20 17:43:46,23.17
r000862,RJW-402,2018-10-14 3:22:55,2018-11-13 0:29:12,10.04
r000863,RJW-403,2018-09-16 9:52:55,2018-12-28 6:30:41,21.73
r000864,RJW-404,2018-07-09 1:6:59,2018-12-28 12:29:41,5.18
r000865,RJW-405,2018-04-27 17:17:8,2018-11-23 1:21:43,28.58
r000866,RJW-406,2018-09-08 10:33:56,2018-11-27 8:50:13,10.37
r000867,RJW-407,2018-04-24 7:29:19,2018-12-12 11:26:2,28.84
r000868,RJW-408,2018-06-11 6:16:13,2018-11-13 12:35:35,15.64
r000869,RJW-409,2018-10-07 11:11:49,2018-11-28 6:33:13,14.65
r000870,RJW-410,2018-03-11 15:36:50,2018-12-13 15:53:19,6.69
r000871,RJW-411,2018-01-31 22:31:26,2018-11-12 1:29:12,23.08
r000872,RJW-412,2018-08-23 10:52:15,2018-12-28 16:23:32,6.26
r000873,RJW-413,2018-01-27 12:30:41,2018-10-31 10:39:28,19.98
r000874,RJW-414,2018-03-25 2:45:20,2018-12-26 19:32:51,3.28
r000875,RJW-415,2018-09-11 17:23:41,2018-11-26 7:4:35,28.76
r000876,RJW-416,2018-06-19 23:58:26,2018-12-18 10:52:19,15.26
r000877,RJW-417,2018-08-26 3:45:58,2018-11-14 3:5:1,10.1
r000878,RJW-418,2018-07-13 10:30:2,2018-12-25 0:20:39,5.91
r000879,RJW-419,2018-01-06 5:50:57,2018-12-04 18:11:10,22.91
r000880,RJW-420,2018-03-12 17:11:45,2018-12-19 21:7:14,20.97
r000881,RJW-421,2018-08-27 11:10:28,2018-11-08 11:57:14,12.32
r000882,RJW-422,2018-03-04 13:48:11,2018-12-16 14:9:36,29.06
r000883,RJW-423,2018-09-22 12:34:18,2018-11-14 21:27:11,15.56
r000884,RJW-424,2018-03-30 6:49:51,2018-11-17 20:25:21,26.24
r000885,RJW-425,2018-08-16 20:28:5,2018-11-29 14:7:59,1.01
r000886,RJW-426,2018-05-30 12:54:47,2018-12-08 8:58:5,8.23
r000887,RJW-427,2018-07-27 6:33:53,2018-11-12 0:22:21,25.97
r000888,RJW-428,2018-04-05 14:45:33,2018-12-07 11:47:25,29.19
r000889,RJW-429,2018-05-22 4:29:54,2018-11-26 3:30:46,14.27
r000890,RJW-430,2018-07-16 14:20:18,2018-11-26 21:0:30,14.44
r000891,RJW-431,2018-07-23 2:10:14,2018-11-18 5:9:50,8.26
r000892,RJW-432,2018-04-04 14:2:58,2018-12-15 0:32:6,19.28
r000893,RJW-433,2018-04-10 15:15:19,2018-11-10 8:35:39,21.98
r000894,RJW-434,2018-03-28 16:11:37,2018-11-21 0:14:11,13.66
r000895,RJW-435,2018-03-13 22:11:58,2018-12-19 23:32:24,28.46
r000896,RJW-436,2018-01-14 22:34:17,2018-12-06 9:41:17,26.8
r000897,RJW-437,2018-08-08 12:57:0,2018-11-07 23:14:6,13.05
r000898,RJW-438,2018-02-17 20:33:53,2018-11-04 20:57:25,28.29
r000899,RJW-439,2018-10-08 4:5:7,2018-12-01 16:43:31,7.77
r000900,RJW-440,2018-04-09 8:3:40,2018-11-03 4:29:44,0.57
r000901,RJW-441,2018-01-25 9:42:50,2018-11-25 5:17:2,6.99
r000902,RJW-442,2018-08-06 4:24:24,2018-11-03 3:46:33,18.63
r000903,RJW-443,2018-03-24 6:33:47,2018-11-02 14:29:33,8.25
r000904,RJW-444,2018-03-23 16:8:14,2018-12-06 11:22:55,10.8
r000905,RJW-445,2018-07-21 15:28:10,2018-11-01 17:27:59,8.77
r000906,RJW-446,2018-08-01 10:30:21,2018-11-18 22:19:14,20.3
r000907,RJW-447,2018-08-26 4:10:31,2018-12-06 19:23:6,14.26
r000908,RJW-448,2018-07-17 6:14:15,2018-12-20 8:7:55,22.65
r000909,RJW-449,2018-10-17 2:35:56,2018-11-03 10:7:1,18.88
r000910,RJW-450,2018-10-14 13:17:53,2018-12-16 1:39:20,7.98
r000911,RJW-451,2018-06-12 11:25:57,2018-12-26 2:17:57,13.44
r000912,RJW-452,2018-04-07 11:0:17,2018-12-14 20:18:49,1.18
r000913,RJW-453,2018-05-04 14:26:21,2018-10-31 22:12:44,12.44
r000914,RJW-454,2018-09-30 15:44:54,2018-11-17 23:40:48,23.22
r000915,RJW-455,2018-05-13 22:13:21,2018-11-16 18:49:54,9.77
r000916,RJW-456,2018-10-07 11:2:57,2018-11-02 11:25:30,12.55
r000917,RJW-457,2018-03-30 7:39:23,2018-12-24 19:10:45,22.32
r000918,RJW-458,2018-08-08 22:39:28,2018-12-03 15:59:31,27.7
r000919,RJW-459,2018-10-03 23:15:9,2018-12-03 15:32:51,19.4
r000920,RJW-460,2018-05-18 2:10:27,2018-12-28 13:7:34,23.53
r000921,RJW-461,2018-08-10 16:37:49,2018-12-09 9:18:58,14.54
r000922,RJW-462,2018-01-08 5:57:17,2018-11-13 11:28:35,20.77
r000923,RJW-463,2018-10-11 2:16:30,2018-11-29 5:7:46,20.66
r000924,LFQ-121,2018-03-24 4:16:38,2018-11-17 8:6:22,25.13
r000925,LFQ-122,2018-08-08 8:39:51,2018-12-19 17:17:59,15.08
r000926,LFQ-123,2018-10-29 7:37:7,2018-12-22 1:14:36,21.13
r000927,LFQ-124,2018-03-24 14:28:31,2018-12-16 14:53:48,2.31
r000928,LFQ-125,2018-08-08 10:43:40,2018-11-26 11:19:50,4.9
r000929,LFQ-126,2018-08-16 13:52:58,2018-11-28 5:0:41,2.36
r000930,LFQ-127,2018-08-09 8:0:54,2018-12-12 8:47:41,5.3
r000931,LFQ-128,2018-06-10 18:14:47,2018-12-11 18:53:13,5.06
r000932,LFQ-129,2018-10-06 1:17:14,2018-11-12 23:26:8,15.81
r000933,LFQ-130,2018-07-15 0:42:53,2018-12-20 23:33:45,25.88
r000934,LFQ-131,2018-08-13 6:57:25,2018-11-27 1:52:53,28.24
r000935,LFQ-132,2018-02-07 13:28:4,2018-11-06 2:24:59,10.22
r000936,LFQ-133,2018-05-16 4:32:0,2018-11-14 17:36:53,27.73
r000937,LFQ-134,2018-10-09 18:40:13,2018-12-15 2:42:52,20.43
r000938,LFQ-135,2018-07-05 3:0:45,2018-10-31 23:54:48,25.63
r000939,LFQ-136,2018-03-20 8:53:15,2018-12-08 17:41:40,19.71
r000940,LFQ-137,2018-03-24 5:9:51,2018-11-28 23:35:36,6.21
r000941,LFQ-138,2018-04-22 12:42:35,2018-12-25 1:16:30,14.92
r000942,LFQ-139,2018-03-31 22:13:39,2018-12-19 14:13:0,21.59
r000943,LFQ-140,2018-09-25 18:59:48,2018-11-18 3:42:34,21.64
r000944,LFQ-141,2018-06-29 5:44:27,2018-10-31 22:50:3,4.37
r000945,LFQ-142,2018-07-09 13:55:29,2018-12-28 1:14:58,20.91
r000946,LFQ-143,2018-02-13 18:15:24,2018-11-14 20:29:15,5.15
r000947,LFQ-144,2018-06-20 8:56:28,2018-11-18 9:7:0,5.25
r000948,LFQ-145,2018-01-08 4:21:47,2018-12-29 3:34:31,1.78
r000949,LFQ-146,2018-01-13 14:5:42,2018-11-13 1:49:55,14.41
r000950,LFQ-147,2018-09-21 16:43:54,2018-12-21 0:14:6,13.27
r000951,LFQ-148,2018-02-27 13:47:1,2018-12-16 10:41:53,7.81
r000952,LFQ-149,2018-07-29 7:45:43,2018-11-29 15:42:18,12.44
r000953,LFQ-150,2018-08-02 20:11:43,2018-12-31 2:40:3,0.45
r000954,LFQ-151,2018-02-05 21:27:19,2018-12-26 13:10:40,24.49
r000955,LFQ-152,2018-01-11 14:20:33,2018-11-26 8:16:0,13.37
r000956,LFQ-153,2018-05-02 3:8:52,2018-12-27 9:32:14,19.1
r000957,LFQ-154,2018-10-20 12:53:37,2018-12-11 15:19:32,8.81
r000958,LFQ-155,2018-04-10 13:14:14,2018-12-26 10:23:51,4.91
r000959,LFQ-156,2018-04-26 9:41:34,2018-12-12 8:23:44,16.53
r000960,LFQ-157,2018-05-16 2:7:24,2018-11-21 7:14:12,26.87
r000961,LFQ-158,2018-03-24 22:9:3,2018-11-24 17:26:11,8.26
r000962,LFQ-159,2018-07-06 18:55:7,2018-11-03 23:46:51,12.11
r000963,LFQ-160,2018-03-05 0:26:12,2018-12-29 19:42:45,25.94
r000964,LFQ-161,2018-07-06 6:57:5,2018-12-13 9:22:42,28.43
r000965,LFQ-162,2018-02-06 15:53:44,2018-11-22 7:55:49,11.23
r000966,LFQ-163,2018-04-13 8:26:37,2018-11-01 11:50:55,10.05
r000967,LFQ-164,2018-04-28 1:31:13,2018-11-06 2:14:45,8
r000968,LFQ-165,2018-08-16 9:1:55,2018-11-30 8:45:41,16.27
r000969,LFQ-166,2018-10-18 15:15:2,2018-11-28 6:35:40,28.76
r000970,LFQ-167,2018-04-01 6:9:13,2018-12-02 10:3:59,26.03
r000971,LFQ-168,2018-06-08 8:48:52,2018-12-17 23:10:0,20.18
r000972,LFQ-169,2018-05-22 6:24:15,2018-12-08 3:37:37,11.64
r000973,LFQ-170,2018-01-23 13:40:46,2018-12-09 1:1:53,20.35
r000974,LFQ-171,2018-02-01 18:37:2,2018-11-02 22:3:17,11.38
r000975,LFQ-172,2018-02-16 3:59:45,2018-12-20 6:8:29,24.56
r000976,LFQ-173,2018-05-31 1:3:32,2018-12-15 4:43:44,28.24
r000977,LFQ-174,2018-06-08 12:21:26,2018-11-06 0:30:46,15.82
r000978,LFQ-175,2018-06-09 10:38:34,2018-11-11 13:40:20,9.09
r000979,LFQ-176,2018-07-16 21:36:7,2018-11-26 0:15:31,3.56
r000980,LFQ-177,2018-05-06 20:40:24,2018-11-13 1:25:29,22.32
r000981,LFQ-178,2018-03-27 11:28:31,2018-12-05 19:35:21,20.07
r000982,LFQ-179,2018-01-16 20:49:44,2018-12-17 15:33:51,23.29
r000983,LFQ-180,2018-09-11 6:50:20,2018-11-23 9:54:32,24.24
r000984,LFQ-181,2018-01-03 23:38:53,2018-11-29 19:41:51,23.79
r000985,LFQ-182,2018-09-15 18:31:32,2018-11-08 16:59:17,6.7
r000986,LFQ-183,2018-07-17 10:16:37,2018-12-24 19:28:37,27.03
r000987,LFQ-184,2018-04-08 21:26:14,2018-11-09 8:15:0,15.96
r000988,LFQ-185,2018-05-13 17:40:14,2018-11-23 3:46:51,7.58
r000989,LFQ-186,2018-04-21 1:45:6,2018-11-15 11:10:4,15.36
r000990,LFQ-187,2018-02-16 11:26:28,2018-11-14 5:29:17,28.78
r000991,LFQ-188,2018-05-13 20:15:43,2018-11-30 0:6:46,15.03
r000992,LFQ-189,2018-08-01 18:48:29,2018-12-30 21:30:5,5.76
r000993,LFQ-190,2018-08-26 22:52:7,2018-12-13 21:6:13,2
r000994,LFQ-191,2018-09-09 7:58:54,2018-12-03 2:22:23,14.91
r000995,LFQ-192,2018-01-15 21:8:5,2018-12-12 11:25:26,10.91
r000996,LFQ-193,2018-02-23 7:38:33,2018-12-17 14:40:25,21.49
r000997,LFQ-194,2018-08-20 12:0:46,2018-12-27 19:51:9,25.58
r000998,LFQ-195,2018-02-06 17:42:57,2018-12-08 8:20:5,1.22
r000999,LFQ-196,2018-09-04 21:26:15,2018-12-16 4:18:14,29.81
r001000,LFQ-197,2018-01-14 0:43:29,2018-11-30 22:25:34,6.22